-- The C compiler identification is GNU 14.2.0
-- The CXX compiler identification is GNU 14.2.0
-- Detecting C compiler ABI info
-- Detecting C compiler ABI info - done
-- Check for working C compiler: /usr/bin/cc - skipped
-- Detecting C compile features
-- Detecting C compile features - done
-- Detecting CXX compiler ABI info
-- Detecting CXX compiler ABI info - done
-- Check for working CXX compiler: /usr/bin/c++ - skipped
-- Detecting CXX compile features
-- Detecting CXX compile features - done
-- llama.cpp version: 0.5.0-dev
CMAKE_BUILD_TYPE=Release
-- Found Git: /usr/bin/git (found version "2.48.1")
-- The ASM compiler identification is GNU
-- Found assembler: /usr/bin/cc
-- Performing Test CMAKE_HAVE_LIBC_PTHREAD
-- Performing Test CMAKE_HAVE_LIBC_PTHREAD - Success
-- Found Threads: TRUE
-- Warning: ccache not found - consider installing it for faster compilation or disable this warning with GGML_CCACHE=OFF
-- CMAKE_SYSTEM_PROCESSOR: x86_64
-- GGML_SYSTEM_ARCH: x86
-- Found OpenMP_C: -fopenmp (found version "4.5")
-- Found OpenMP_CXX: -fopenmp (found version "4.5")
-- Found OpenMP: TRUE (found version "4.5")
-- Including CPU backend
-- x86 detected
-- Adding CPU backend variant ggml-cpu: -march=native 
-- The HIP compiler identification is Clang 17.0.0
-- Detecting HIP compiler ABI info
-- Detecting HIP compiler ABI info - done
-- Check for working HIP compiler: /opt/rocm-6.1.0/lib/llvm/bin/clang - skipped
-- Detecting HIP compile features
-- Detecting HIP compile features - done
-- HIP and hipBLAS found
-- FlashAttention K-V type combinations: q4_0-q4_0;q4_1-q4_0;q5_0-q4_0;q5_1-q4_0;q8_0-q4_0;bf16-q4_0;f16-q4_0;q4_0-q4_1;q4_1-q4_1;q5_0-q4_1;q5_1-q4_1;q8_0-q4_1;bf16-q4_1;f16-q4_1;q4_0-q5_0;q4_1-q5_0;q5_0-q5_0;q5_1-q5_0;q8_0-q5_0;bf16-q5_0;f16-q5_0;q4_0-q5_1;q4_1-q5_1;q5_0-q5_1;q5_1-q5_1;q8_0-q5_1;bf16-q5_1;f16-q5_1;q4_0-q8_0;q4_1-q8_0;q5_0-q8_0;q5_1-q8_0;q8_0-q8_0;bf16-q8_0;f16-q8_0;q4_0-bf16;q4_1-bf16;q5_0-bf16;q5_1-bf16;q8_0-bf16;bf16-bf16;f16-bf16;q4_0-f16;q4_1-f16;q5_0-f16;q5_1-f16;q8_0-f16;bf16-f16;f16-f16
-- Including HIP backend
-- Found Vulkan: /usr/lib/x86_64-linux-gnu/libvulkan.so (found version "1.4.304") found components: glslc missing components: glslangValidator
-- Vulkan found
-- GL_KHR_cooperative_matrix supported by glslc
-- GL_NV_cooperative_matrix2 supported by glslc
-- GL_NV_cooperative_matrix_decode_vector not supported by glslc
-- GL_EXT_integer_dot_product not supported by glslc
-- GL_EXT_bfloat16 not supported by glslc
-- GL_EXT_float_e2m1 not supported by glslc
-- GL_EXT_float_e4m3 not supported by glslc
-- Including Vulkan backend
-- ggml version: 0.25.1
-- ggml commit:  7887b8887
-- Found OpenSSL: /usr/lib/x86_64-linux-gnu/libcrypto.so (found version "3.4.1")
-- Performing Test OPENSSL_VERSION_SUPPORTED
-- Performing Test OPENSSL_VERSION_SUPPORTED - Success
-- OpenSSL found: 3.4.1
-- Generating embedded license file for target: llama-app
-- Configuring done (5.4s)
-- Generating done (0.4s)
-- Build files have been written to: /home/srcds/dev/uf3_rocm6.1_llama.cpp/build-sync0924
[  0%] Building CXX object vendor/hash/CMakeFiles/vendor-hash.dir/sha1/sha1.c.o
[  0%] Building CXX object tools/mtmd/CMakeFiles/llama-gemma3-cli.dir/deprecation-warning.cpp.o
[  0%] Building CXX object vendor/hash/CMakeFiles/vendor-hash.dir/hash.cpp.o
[  0%] Building CXX object tools/mtmd/CMakeFiles/llama-minicpmv-cli.dir/deprecation-warning.cpp.o
[  0%] Building CXX object tools/mtmd/CMakeFiles/llama-llava-cli.dir/deprecation-warning.cpp.o
[  0%] Building CXX object ggml/src/CMakeFiles/ggml-base.dir/ggml.cpp.o
[  0%] Building C object vendor/hash/CMakeFiles/vendor-hash.dir/xxhash/xxhash.c.o
[  0%] Building C object ggml/src/CMakeFiles/ggml-base.dir/ggml-alloc.c.o
[  0%] Building CXX object common/CMakeFiles/llama-common-base.dir/build-info.cpp.o
[  0%] Creating directories for 'vulkan-shaders-gen'
[  0%] Building CXX object tools/mtmd/CMakeFiles/llama-qwen2vl-cli.dir/deprecation-warning.cpp.o
[  1%] Building CXX object vendor/cpp-httplib/CMakeFiles/cpp-httplib.dir/httplib.cpp.o
[  1%] Building CXX object ggml/src/CMakeFiles/ggml-base.dir/ggml-backend-meta.cpp.o
[  1%] Building C object ggml/src/CMakeFiles/ggml-base.dir/ggml.c.o
[  1%] Provisioning UI assets
[  1%] Building CXX object ggml/src/CMakeFiles/ggml-base.dir/ggml-backend.cpp.o
-- UI: downloading from b11497: https://huggingface.co/buckets/ggml-org/llama-ui/resolve/b11497/dist.tar.gz
[  1%] No download step for 'vulkan-shaders-gen'
[  2%] No update step for 'vulkan-shaders-gen'
[  2%] No patch step for 'vulkan-shaders-gen'
[  2%] Performing configure step for 'vulkan-shaders-gen'
-- The C compiler identification is GNU 14.2.0
-- UI: download dist.tar.gz.sha256 from b11497 failed: "HTTP response code said error"
-- UI: downloading from latest: https://huggingface.co/buckets/ggml-org/llama-ui/resolve/latest/dist.tar.gz
-- The CXX compiler identification is GNU 14.2.0
-- Detecting C compiler ABI info
[  2%] Linking CXX executable ../../bin/llama-minicpmv-cli
[  2%] Linking CXX executable ../../bin/llama-gemma3-cli
[  2%] Linking CXX executable ../../bin/llama-llava-cli
[  2%] Linking CXX executable ../../bin/llama-qwen2vl-cli
[  2%] Building CXX object ggml/src/CMakeFiles/ggml-base.dir/ggml-opt.cpp.o
[  2%] Linking CXX static library libllama-common-base.a
-- Detecting C compiler ABI info - done
[  3%] Building C object vendor/hash/CMakeFiles/vendor-hash.dir/sha256/sha256.c.o
-- Check for working C compiler: /usr/bin/cc - skipped
-- Detecting C compile features
-- Detecting C compile features - done
[  3%] Building CXX object ggml/src/CMakeFiles/ggml-base.dir/ggml-threading.cpp.o
[  3%] Built target llama-minicpmv-cli
[  3%] Building C object ggml/src/CMakeFiles/ggml-base.dir/ggml-quants.c.o
[  3%] Built target llama-llava-cli
-- Detecting CXX compiler ABI info
[  3%] Building CXX object ggml/src/CMakeFiles/ggml-base.dir/gguf.cpp.o
[  3%] Built target llama-gemma3-cli
[  3%] Built target llama-qwen2vl-cli
-- Detecting CXX compiler ABI info - done
-- Check for working CXX compiler: /usr/bin/c++ - skipped
-- Detecting CXX compile features
-- Detecting CXX compile features - done
-- Performing Test CMAKE_HAVE_LIBC_PTHREAD
-- Performing Test CMAKE_HAVE_LIBC_PTHREAD - Success
-- Found Threads: TRUE
-- Enabling coopmat glslc support
-- Enabling coopmat2 glslc support
-- Configuring done (0.8s)
-- Generating done (0.0s)
-- Build files have been written to: /home/srcds/dev/uf3_rocm6.1_llama.cpp/build-sync0924/ggml/src/ggml-vulkan/vulkan-shaders-gen-prefix/src/vulkan-shaders-gen-build
[  3%] Performing build step for 'vulkan-shaders-gen'
[ 50%] Building CXX object CMakeFiles/vulkan-shaders-gen.dir/vulkan-shaders-gen.cpp.o
[  3%] Built target llama-common-base
[  3%] Linking CXX static library libvendor-hash.a
[  3%] Built target vendor-hash
-- UI: archive verified and extracted
-- UI: HF download succeeded, stamp updated (ggml-org/llama-ui|b11497, resolved: latest)
-- UI: gzip compression applied (/home/srcds/dev/uf3_rocm6.1_llama.cpp/build-sync0924/tools/ui/ui-gzip/_gzip)
-- UI: embedded 70 assets
[  3%] Built target llama-ui-assets
[  3%] Building CXX object tools/ui/CMakeFiles/llama-ui.dir/ui.cpp.o
[  3%] Linking CXX shared library ../../bin/libggml-base.so
[  3%] Built target ggml-base
[  4%] Building CXX object ggml/src/CMakeFiles/ggml-cpu.dir/ggml-cpu/ggml-cpu.cpp.o
[  4%] Building CXX object ggml/src/CMakeFiles/ggml-cpu.dir/ggml-cpu/iqp.cpp.o
[  4%] Building CXX object ggml/src/CMakeFiles/ggml-cpu.dir/ggml-cpu/repack.cpp.o
[  4%] Building C object ggml/src/CMakeFiles/ggml-cpu.dir/ggml-cpu/ggml-cpu.c.o
[  4%] Building CXX object ggml/src/CMakeFiles/ggml-cpu.dir/ggml-cpu/hbm.cpp.o
[  4%] Building CXX object ggml/src/CMakeFiles/ggml-cpu.dir/ggml-cpu/amx/amx.cpp.o
[  4%] Building C object ggml/src/CMakeFiles/ggml-cpu.dir/ggml-cpu/quants.c.o
[  4%] Building CXX object ggml/src/CMakeFiles/ggml-cpu.dir/ggml-cpu/traits.cpp.o
[  4%] Building CXX object ggml/src/CMakeFiles/ggml-cpu.dir/ggml-cpu/binary-ops.cpp.o
[  4%] Building CXX object ggml/src/CMakeFiles/ggml-cpu.dir/ggml-cpu/vec.cpp.o
[  4%] Building CXX object ggml/src/CMakeFiles/ggml-cpu.dir/ggml-cpu/unary-ops.cpp.o
[  4%] Building CXX object ggml/src/CMakeFiles/ggml-cpu.dir/ggml-cpu/amx/mmq.cpp.o
[  4%] Building CXX object ggml/src/CMakeFiles/ggml-cpu.dir/ggml-cpu/ops.cpp.o
[  4%] Building HIP object ggml/src/ggml-hip/CMakeFiles/ggml-hip.dir/__/ggml-cuda/acc.cu.o
[  4%] Building HIP object ggml/src/ggml-hip/CMakeFiles/ggml-hip.dir/__/ggml-cuda/add-id.cu.o
[  5%] Building CXX object ggml/src/CMakeFiles/ggml-cpu.dir/ggml-cpu/llamafile/sgemm.cpp.o
[  5%] Building C object ggml/src/CMakeFiles/ggml-cpu.dir/ggml-cpu/arch/x86/quants.c.o
[  5%] Building HIP object ggml/src/ggml-hip/CMakeFiles/ggml-hip.dir/__/ggml-cuda/allreduce.cu.o
[  5%] Building CXX object ggml/src/CMakeFiles/ggml-cpu.dir/ggml-cpu/arch/x86/repack.cpp.o
[  5%] Building HIP object ggml/src/ggml-hip/CMakeFiles/ggml-hip.dir/__/ggml-cuda/arange.cu.o
[  5%] Building HIP object ggml/src/ggml-hip/CMakeFiles/ggml-hip.dir/__/ggml-cuda/argmax.cu.o
[  6%] Building HIP object ggml/src/ggml-hip/CMakeFiles/ggml-hip.dir/__/ggml-cuda/argsort.cu.o
[  6%] Building HIP object ggml/src/ggml-hip/CMakeFiles/ggml-hip.dir/__/ggml-cuda/binbcast.cu.o
[  6%] Building HIP object ggml/src/ggml-hip/CMakeFiles/ggml-hip.dir/__/ggml-cuda/clamp.cu.o
[  6%] Linking CXX static library libllama-ui.a
[  6%] Building HIP object ggml/src/ggml-hip/CMakeFiles/ggml-hip.dir/__/ggml-cuda/col2im-1d.cu.o
[  6%] Building HIP object ggml/src/ggml-hip/CMakeFiles/ggml-hip.dir/__/ggml-cuda/concat.cu.o
[  6%] Built target llama-ui
[  6%] Building HIP object ggml/src/ggml-hip/CMakeFiles/ggml-hip.dir/__/ggml-cuda/conv-transpose-1d.cu.o
[  6%] Building HIP object ggml/src/ggml-hip/CMakeFiles/ggml-hip.dir/__/ggml-cuda/conv2d-dw.cu.o
[  6%] Building HIP object ggml/src/ggml-hip/CMakeFiles/ggml-hip.dir/__/ggml-cuda/conv2d-transpose.cu.o
[  6%] Building HIP object ggml/src/ggml-hip/CMakeFiles/ggml-hip.dir/__/ggml-cuda/conv2d.cu.o
[  7%] Building HIP object ggml/src/ggml-hip/CMakeFiles/ggml-hip.dir/__/ggml-cuda/conv3d.cu.o
[  7%] Building HIP object ggml/src/ggml-hip/CMakeFiles/ggml-hip.dir/__/ggml-cuda/convert.cu.o
[  7%] Building HIP object ggml/src/ggml-hip/CMakeFiles/ggml-hip.dir/__/ggml-cuda/count-equal.cu.o
[  7%] Building HIP object ggml/src/ggml-hip/CMakeFiles/ggml-hip.dir/__/ggml-cuda/cpy.cu.o
[  7%] Building HIP object ggml/src/ggml-hip/CMakeFiles/ggml-hip.dir/__/ggml-cuda/cross-entropy-loss.cu.o
[  7%] Building HIP object ggml/src/ggml-hip/CMakeFiles/ggml-hip.dir/__/ggml-cuda/cumsum.cu.o
[  7%] Building HIP object ggml/src/ggml-hip/CMakeFiles/ggml-hip.dir/__/ggml-cuda/diag.cu.o
[  7%] Building HIP object ggml/src/ggml-hip/CMakeFiles/ggml-hip.dir/__/ggml-cuda/diagmask.cu.o
/home/srcds/dev/uf3_rocm6.1_llama.cpp/ggml/src/ggml-cuda/conv2d.cu:127:24: warning: loop not unrolled: the optimizer was unable to perform the requested transformation; the transformation might be disabled or specified as part of an unsupported transformation ordering [-Wpass-failed=transform-warning]
  127 | static __global__ void conv2d_implicit_gemm_f16(const half * __restrict__ input,
      |                        ^
/home/srcds/dev/uf3_rocm6.1_llama.cpp/ggml/src/ggml-cuda/conv2d.cu:127:24: warning: loop not unrolled: the optimizer was unable to perform the requested transformation; the transformation might be disabled or specified as part of an unsupported transformation ordering [-Wpass-failed=transform-warning]
/home/srcds/dev/uf3_rocm6.1_llama.cpp/ggml/src/ggml-cuda/conv2d.cu:127:24: warning: loop not unrolled: the optimizer was unable to perform the requested transformation; the transformation might be disabled or specified as part of an unsupported transformation ordering [-Wpass-failed=transform-warning]
/home/srcds/dev/uf3_rocm6.1_llama.cpp/ggml/src/ggml-cuda/conv2d.cu:127:24: warning: loop not unrolled: the optimizer was unable to perform the requested transformation; the transformation might be disabled or specified as part of an unsupported transformation ordering [-Wpass-failed=transform-warning]
/home/srcds/dev/uf3_rocm6.1_llama.cpp/ggml/src/ggml-cuda/conv2d.cu:127:24: warning: loop not unrolled: the optimizer was unable to perform the requested transformation; the transformation might be disabled or specified as part of an unsupported transformation ordering [-Wpass-failed=transform-warning]
/home/srcds/dev/uf3_rocm6.1_llama.cpp/ggml/src/ggml-cuda/conv2d.cu:127:24: warning: loop not unrolled: the optimizer was unable to perform the requested transformation; the transformation might be disabled or specified as part of an unsupported transformation ordering [-Wpass-failed=transform-warning]
/home/srcds/dev/uf3_rocm6.1_llama.cpp/ggml/src/ggml-cuda/conv2d.cu:127:24: warning: loop not unrolled: the optimizer was unable to perform the requested transformation; the transformation might be disabled or specified as part of an unsupported transformation ordering [-Wpass-failed=transform-warning]
/home/srcds/dev/uf3_rocm6.1_llama.cpp/ggml/src/ggml-cuda/conv2d.cu:127:24: warning: loop not unrolled: the optimizer was unable to perform the requested transformation; the transformation might be disabled or specified as part of an unsupported transformation ordering [-Wpass-failed=transform-warning]
/home/srcds/dev/uf3_rocm6.1_llama.cpp/ggml/src/ggml-cuda/conv2d.cu:127:24: warning: loop not unrolled: the optimizer was unable to perform the requested transformation; the transformation might be disabled or specified as part of an unsupported transformation ordering [-Wpass-failed=transform-warning]
[  7%] Building HIP object ggml/src/ggml-hip/CMakeFiles/ggml-hip.dir/__/ggml-cuda/dsv4-hc.cu.o
9 warnings generated when compiling for gfx906.
[  7%] Building HIP object ggml/src/ggml-hip/CMakeFiles/ggml-hip.dir/__/ggml-cuda/fattn-tile.cu.o
[  8%] Building HIP object ggml/src/ggml-hip/CMakeFiles/ggml-hip.dir/__/ggml-cuda/fattn.cu.o
[  8%] Building HIP object ggml/src/ggml-hip/CMakeFiles/ggml-hip.dir/__/ggml-cuda/fill.cu.o
[  8%] Building HIP object ggml/src/ggml-hip/CMakeFiles/ggml-hip.dir/__/ggml-cuda/fwht.cu.o
[  8%] Building HIP object ggml/src/ggml-hip/CMakeFiles/ggml-hip.dir/__/ggml-cuda/gated_delta_net.cu.o
[  8%] Building HIP object ggml/src/ggml-hip/CMakeFiles/ggml-hip.dir/__/ggml-cuda/gated_delta_net_chunk.cu.o
[  8%] Building HIP object ggml/src/ggml-hip/CMakeFiles/ggml-hip.dir/__/ggml-cuda/getrows.cu.o
[  8%] Building HIP object ggml/src/ggml-hip/CMakeFiles/ggml-hip.dir/__/ggml-cuda/ggml-cuda.cu.o
[100%] Linking CXX executable vulkan-shaders-gen
[100%] Built target vulkan-shaders-gen
[  8%] Performing install step for 'vulkan-shaders-gen'
-- Installing: /home/srcds/dev/uf3_rocm6.1_llama.cpp/build-sync0924/Release/./vulkan-shaders-gen
[  8%] Completed 'vulkan-shaders-gen'
[  8%] Built target vulkan-shaders-gen
[  8%] Generate vulkan shaders for wkv7.comp
[  8%] Building HIP object ggml/src/ggml-hip/CMakeFiles/ggml-hip.dir/__/ggml-cuda/gla.cu.o
[  8%] Generate vulkan shaders for acc.comp
[  9%] Generate vulkan shaders for add.comp
[  9%] Generate vulkan shaders for add1.comp
[  9%] Generate vulkan shaders for add_id.comp
[  9%] Generate vulkan shaders for arange.comp
[  9%] Generate vulkan shaders for argmax.comp
[  9%] Generate vulkan shaders for argsort.comp
[  9%] Building HIP object ggml/src/ggml-hip/CMakeFiles/ggml-hip.dir/__/ggml-cuda/im2col.cu.o
[  9%] Generate vulkan shaders for argsort_large.comp
[  9%] Generate vulkan shaders for col2im_1d.comp
[ 10%] Building HIP object ggml/src/ggml-hip/CMakeFiles/ggml-hip.dir/__/ggml-cuda/lightning-indexer.cu.o
[ 10%] Generate vulkan shaders for concat.comp
[ 11%] Generate vulkan shaders for contig_copy.comp
[ 11%] Generate vulkan shaders for conv2d_dw.comp
[ 11%] Building HIP object ggml/src/ggml-hip/CMakeFiles/ggml-hip.dir/__/ggml-cuda/mean.cu.o
[ 11%] Generate vulkan shaders for conv2d_mm.comp
[ 11%] Building HIP object ggml/src/ggml-hip/CMakeFiles/ggml-hip.dir/__/ggml-cuda/mmf.cu.o
[ 11%] Generate vulkan shaders for conv3d_mm.comp
[ 11%] Building HIP object ggml/src/ggml-hip/CMakeFiles/ggml-hip.dir/__/ggml-cuda/mmid.cu.o
[ 11%] Linking CXX shared library ../../bin/libggml-cpu.so
[ 11%] Generate vulkan shaders for conv_transpose_1d.comp
[ 11%] Generate vulkan shaders for copy.comp
[ 11%] Built target ggml-cpu
[ 11%] Generate vulkan shaders for copy_from_quant.comp
[ 11%] Generate vulkan shaders for copy_to_quant.comp
[ 11%] Generate vulkan shaders for copy_transpose.comp
[ 11%] Generate vulkan shaders for copy_transpose_02.comp
[ 12%] Generate vulkan shaders for count_equal.comp
[ 12%] Generate vulkan shaders for count_experts.comp
[ 12%] Building HIP object ggml/src/ggml-hip/CMakeFiles/ggml-hip.dir/__/ggml-cuda/mmq.cu.o
[ 12%] Generate vulkan shaders for cross_entropy_loss.comp
[ 12%] Generate vulkan shaders for cross_entropy_loss_back.comp
[ 12%] Building HIP object ggml/src/ggml-hip/CMakeFiles/ggml-hip.dir/__/ggml-cuda/mmvf.cu.o
[ 12%] Generate vulkan shaders for cumsum.comp
[ 12%] Generate vulkan shaders for cumsum_multipass1.comp
[ 12%] Generate vulkan shaders for cumsum_multipass2.comp
[ 12%] Generate vulkan shaders for dequant_f32.comp
[ 12%] Building HIP object ggml/src/ggml-hip/CMakeFiles/ggml-hip.dir/__/ggml-cuda/mmvq.cu.o
[ 12%] Generate vulkan shaders for dequant_iq1_m.comp
[ 13%] Generate vulkan shaders for dequant_iq1_s.comp
[ 13%] Generate vulkan shaders for dequant_iq2_s.comp
[ 13%] Building HIP object ggml/src/ggml-hip/CMakeFiles/ggml-hip.dir/__/ggml-cuda/moe-weighted-reduction.cu.o
/home/srcds/dev/uf3_rocm6.1_llama.cpp/ggml/src/ggml-cuda/lightning-indexer.cu:244:24: warning: loop not unrolled: the optimizer was unable to perform the requested transformation; the transformation might be disabled or specified as part of an unsupported transformation ordering [-Wpass-failed=transform-warning]
  244 | static __global__ void lightning_indexer_kernel_vec(
      |                        ^
/home/srcds/dev/uf3_rocm6.1_llama.cpp/ggml/src/ggml-cuda/lightning-indexer.cu:244:24: warning: loop not unrolled: the optimizer was unable to perform the requested transformation; the transformation might be disabled or specified as part of an unsupported transformation ordering [-Wpass-failed=transform-warning]
/home/srcds/dev/uf3_rocm6.1_llama.cpp/ggml/src/ggml-cuda/lightning-indexer.cu:244:24: warning: loop not unrolled: the optimizer was unable to perform the requested transformation; the transformation might be disabled or specified as part of an unsupported transformation ordering [-Wpass-failed=transform-warning]
/home/srcds/dev/uf3_rocm6.1_llama.cpp/ggml/src/ggml-cuda/lightning-indexer.cu:244:24: warning: loop not unrolled: the optimizer was unable to perform the requested transformation; the transformation might be disabled or specified as part of an unsupported transformation ordering [-Wpass-failed=transform-warning]
/home/srcds/dev/uf3_rocm6.1_llama.cpp/ggml/src/ggml-cuda/lightning-indexer.cu:244:24: warning: loop not unrolled: the optimizer was unable to perform the requested transformation; the transformation might be disabled or specified as part of an unsupported transformation ordering [-Wpass-failed=transform-warning]
/home/srcds/dev/uf3_rocm6.1_llama.cpp/ggml/src/ggml-cuda/lightning-indexer.cu:244:24: warning: loop not unrolled: the optimizer was unable to perform the requested transformation; the transformation might be disabled or specified as part of an unsupported transformation ordering [-Wpass-failed=transform-warning]
/home/srcds/dev/uf3_rocm6.1_llama.cpp/ggml/src/ggml-cuda/lightning-indexer.cu:244:24: warning: loop not unrolled: the optimizer was unable to perform the requested transformation; the transformation might be disabled or specified as part of an unsupported transformation ordering [-Wpass-failed=transform-warning]
/home/srcds/dev/uf3_rocm6.1_llama.cpp/ggml/src/ggml-cuda/lightning-indexer.cu:244:24: warning: loop not unrolled: the optimizer was unable to perform the requested transformation; the transformation might be disabled or specified as part of an unsupported transformation ordering [-Wpass-failed=transform-warning]
[ 13%] Generate vulkan shaders for dequant_iq2_xs.comp
[ 13%] Generate vulkan shaders for dequant_iq2_xxs.comp
[ 13%] Generate vulkan shaders for dequant_iq3_s.comp
[ 13%] Generate vulkan shaders for dequant_iq3_xxs.comp
[ 13%] Generate vulkan shaders for dequant_iq4_nl.comp
[ 13%] Building HIP object ggml/src/ggml-hip/CMakeFiles/ggml-hip.dir/__/ggml-cuda/norm.cu.o
[ 13%] Generate vulkan shaders for dequant_iq4_xs.comp
[ 13%] Building HIP object ggml/src/ggml-hip/CMakeFiles/ggml-hip.dir/__/ggml-cuda/opt-step-adamw.cu.o
[ 13%] Generate vulkan shaders for dequant_mxfp4.comp
[ 14%] Generate vulkan shaders for dequant_nvfp4.comp
[ 15%] Building HIP object ggml/src/ggml-hip/CMakeFiles/ggml-hip.dir/__/ggml-cuda/opt-step-sgd.cu.o
[ 15%] Generate vulkan shaders for dequant_q1_0.comp
[ 15%] Generate vulkan shaders for dequant_q2_0.comp
[ 15%] Generate vulkan shaders for dequant_q2_k.comp
[ 15%] Generate vulkan shaders for dequant_q3_k.comp
[ 15%] Generate vulkan shaders for dequant_q4_0.comp
[ 15%] Building HIP object ggml/src/ggml-hip/CMakeFiles/ggml-hip.dir/__/ggml-cuda/out-prod.cu.o
[ 15%] Building HIP object ggml/src/ggml-hip/CMakeFiles/ggml-hip.dir/__/ggml-cuda/pad.cu.o
[ 15%] Generate vulkan shaders for dequant_q4_1.comp
[ 15%] Generate vulkan shaders for dequant_q4_k.comp
8 warnings generated when compiling for gfx906.
[ 15%] Generate vulkan shaders for dequant_q5_0.comp
[ 15%] Generate vulkan shaders for dequant_q5_1.comp
[ 16%] Generate vulkan shaders for dequant_q5_k.comp
[ 16%] Generate vulkan shaders for dequant_q6_k.comp
[ 16%] Generate vulkan shaders for dequant_q8_0.comp
[ 16%] Generate vulkan shaders for dequant_tq1_0.comp
[ 16%] Generate vulkan shaders for dequant_tq2_0.comp
[ 16%] Building HIP object ggml/src/ggml-hip/CMakeFiles/ggml-hip.dir/__/ggml-cuda/pad_reflect_1d.cu.o
[ 16%] Linking CXX static library libcpp-httplib.a
[ 16%] Generate vulkan shaders for diag.comp
[ 16%] Built target cpp-httplib
[ 16%] Generate vulkan shaders for diag_mask_inf.comp
[ 16%] Generate vulkan shaders for div.comp
[ 16%] Building HIP object ggml/src/ggml-hip/CMakeFiles/ggml-hip.dir/__/ggml-cuda/pool1d.cu.o
[ 16%] Generate vulkan shaders for dsv4_hc_comb.comp
[ 17%] Generate vulkan shaders for dsv4_hc_post.comp
[ 17%] Generate vulkan shaders for dsv4_hc_pre.comp
[ 17%] Building HIP object ggml/src/ggml-hip/CMakeFiles/ggml-hip.dir/__/ggml-cuda/pool2d.cu.o
[ 17%] Generate vulkan shaders for fill.comp
[ 17%] Building HIP object ggml/src/ggml-hip/CMakeFiles/ggml-hip.dir/__/ggml-cuda/quantize.cu.o
[ 17%] Building HIP object ggml/src/ggml-hip/CMakeFiles/ggml-hip.dir/__/ggml-cuda/roll.cu.o
[ 17%] Generate vulkan shaders for flash_attn.comp
[ 17%] Generate vulkan shaders for flash_attn_cm1.comp
[ 17%] Generate vulkan shaders for flash_attn_cm2.comp
[ 17%] Generate vulkan shaders for flash_attn_decode_phase_1.comp
[ 17%] Building HIP object ggml/src/ggml-hip/CMakeFiles/ggml-hip.dir/__/ggml-cuda/rope.cu.o
[ 17%] Generate vulkan shaders for flash_attn_decode_phase_2.comp
[ 17%] Generate vulkan shaders for flash_attn_mask_opt.comp
[ 17%] Generate vulkan shaders for flash_attn_sparse_compact.comp
[ 18%] Generate vulkan shaders for flash_attn_split_k_reduce.comp
[ 18%] Generate vulkan shaders for fwht.comp
[ 19%] Building HIP object ggml/src/ggml-hip/CMakeFiles/ggml-hip.dir/__/ggml-cuda/scale.cu.o
[ 19%] Generate vulkan shaders for gated_delta_net.comp
[ 19%] Building HIP object ggml/src/ggml-hip/CMakeFiles/ggml-hip.dir/__/ggml-cuda/set-rows.cu.o
[ 19%] Generate vulkan shaders for geglu.comp
[ 19%] Generate vulkan shaders for geglu_erf.comp
[ 19%] Building HIP object ggml/src/ggml-hip/CMakeFiles/ggml-hip.dir/__/ggml-cuda/set.cu.o
[ 19%] Generate vulkan shaders for geglu_quick.comp
[ 19%] Generate vulkan shaders for get_rows.comp
[ 19%] Building HIP object ggml/src/ggml-hip/CMakeFiles/ggml-hip.dir/__/ggml-cuda/snake.cu.o
[ 19%] Generate vulkan shaders for get_rows_back.comp
[ 19%] Generate vulkan shaders for get_rows_quant.comp
[ 19%] Building HIP object ggml/src/ggml-hip/CMakeFiles/ggml-hip.dir/__/ggml-cuda/softcap.cu.o
[ 19%] Building HIP object ggml/src/ggml-hip/CMakeFiles/ggml-hip.dir/__/ggml-cuda/softmax.cu.o
[ 19%] Generate vulkan shaders header
[ 20%] Generate vulkan shaders for gla.comp
[ 20%] Generate vulkan shaders for group_norm.comp
[ 20%] Generate vulkan shaders for im2col.comp
[ 20%] Generate vulkan shaders for im2col_3d.comp
[ 20%] Generate vulkan shaders for l2_norm.comp
[ 20%] Building HIP object ggml/src/ggml-hip/CMakeFiles/ggml-hip.dir/__/ggml-cuda/solve_tri.cu.o
[ 20%] Generate vulkan shaders for lightning_indexer.comp
[ 20%] Building HIP object ggml/src/ggml-hip/CMakeFiles/ggml-hip.dir/__/ggml-cuda/ssm-conv.cu.o
[ 20%] Building HIP object ggml/src/ggml-hip/CMakeFiles/ggml-hip.dir/__/ggml-cuda/ssm-scan.cu.o
[ 20%] Generate vulkan shaders for log.comp
[ 20%] Generate vulkan shaders for mul.comp
[ 20%] Generate vulkan shaders for mul_mat_split_k_reduce.comp
[ 21%] Generate vulkan shaders for mul_mat_vec.comp
[ 21%] Generate vulkan shaders for mul_mat_vec_iq1_m.comp
[ 22%] Building HIP object ggml/src/ggml-hip/CMakeFiles/ggml-hip.dir/__/ggml-cuda/sum.cu.o
[ 22%] Generate vulkan shaders for mul_mat_vec_iq1_s.comp
[ 22%] Generate vulkan shaders for mul_mat_vec_iq2_s.comp
[ 22%] Generate vulkan shaders for mul_mat_vec_iq2_xs.comp
[ 22%] Building HIP object ggml/src/ggml-hip/CMakeFiles/ggml-hip.dir/__/ggml-cuda/sumrows.cu.o
[ 22%] Generate vulkan shaders for mul_mat_vec_iq2_xxs.comp
[ 22%] Building HIP object ggml/src/ggml-hip/CMakeFiles/ggml-hip.dir/__/ggml-cuda/top-k.cu.o
[ 22%] Building HIP object ggml/src/ggml-hip/CMakeFiles/ggml-hip.dir/__/ggml-cuda/topk-moe.cu.o
[ 22%] Generate vulkan shaders for mul_mat_vec_iq3_s.comp
[ 22%] Generate vulkan shaders for mul_mat_vec_iq3_xxs.comp
[ 22%] Generate vulkan shaders for mul_mat_vec_iq4_xs.comp
[ 22%] Building HIP object ggml/src/ggml-hip/CMakeFiles/ggml-hip.dir/__/ggml-cuda/tri.cu.o
[ 22%] Building HIP object ggml/src/ggml-hip/CMakeFiles/ggml-hip.dir/__/ggml-cuda/tsembd.cu.o
[ 22%] Generate vulkan shaders for mul_mat_vec_nc.comp
[ 23%] Generate vulkan shaders for mul_mat_vec_p021.comp
[ 23%] Generate vulkan shaders for mul_mat_vec_q2_k.comp
[ 23%] Generate vulkan shaders for mul_mat_vec_q3_k.comp
[ 23%] Generate vulkan shaders for mul_mat_vec_q4_k.comp
[ 23%] Building HIP object ggml/src/ggml-hip/CMakeFiles/ggml-hip.dir/__/ggml-cuda/unary.cu.o
[ 23%] Building HIP object ggml/src/ggml-hip/CMakeFiles/ggml-hip.dir/__/ggml-cuda/upscale.cu.o
[ 23%] Generate vulkan shaders for mul_mat_vec_q5_k.comp
[ 23%] Building HIP object ggml/src/ggml-hip/CMakeFiles/ggml-hip.dir/__/ggml-cuda/wkv.cu.o
[ 23%] Generate vulkan shaders for mul_mat_vec_q6_k.comp
[ 23%] Building HIP object ggml/src/ggml-hip/CMakeFiles/ggml-hip.dir/__/ggml-cuda/template-instances/fattn-tile-instance-dkq112-dv112.cu.o
[ 23%] Generate vulkan shaders for mul_mat_vec_tq1_0.comp
[ 23%] Generate vulkan shaders for mul_mat_vec_tq2_0.comp
[ 23%] Generate vulkan shaders for mul_mat_vecq.comp
[ 24%] Generate vulkan shaders for mul_mm.comp
[ 24%] Generate vulkan shaders for mul_mm_cm2.comp
[ 25%] Building HIP object ggml/src/ggml-hip/CMakeFiles/ggml-hip.dir/__/ggml-cuda/template-instances/fattn-tile-instance-dkq128-dv128.cu.o
[ 25%] Generate vulkan shaders for mul_mmq.comp
[ 25%] Generate vulkan shaders for mul_mmq_cm1.comp
[ 25%] Building HIP object ggml/src/ggml-hip/CMakeFiles/ggml-hip.dir/__/ggml-cuda/template-instances/fattn-tile-instance-dkq192-dv128.cu.o
[ 25%] Generate vulkan shaders for multi_add.comp
[ 25%] Generate vulkan shaders for norm.comp
[ 25%] Generate vulkan shaders for opt_step_adamw.comp
[ 25%] Building HIP object ggml/src/ggml-hip/CMakeFiles/ggml-hip.dir/__/ggml-cuda/template-instances/fattn-tile-instance-dkq256-dv256.cu.o
[ 25%] Generate vulkan shaders for opt_step_sgd.comp
[ 25%] Building HIP object ggml/src/ggml-hip/CMakeFiles/ggml-hip.dir/__/ggml-cuda/template-instances/fattn-tile-instance-dkq320-dv256.cu.o
[ 25%] Generate vulkan shaders for out_prod.comp
[ 25%] Generate vulkan shaders for pad.comp
In file included from /home/srcds/dev/uf3_rocm6.1_llama.cpp/ggml/src/ggml-cuda/template-instances/fattn-tile-instance-dkq128-dv128.cu:3:
/home/srcds/dev/uf3_rocm6.1_llama.cpp/ggml/src/ggml-cuda/template-instances/../fattn-tile.cuh:503:29: warning: division by zero is undefined [-Wdivision-by-zero]
  503 |             const int i = b / nb;
      |                             ^ ~~
/home/srcds/dev/uf3_rocm6.1_llama.cpp/ggml/src/ggml-cuda/template-instances/../fattn-tile.cuh:604:9: note: in instantiation of function template specialization 'flash_attn_tile_load_tile_q8_0<32, 8, 64, 0, 4, false>' requested here
  604 |         flash_attn_tile_load_tile_q8_0<warp_size, nwarps, nbatch_fa, nbatch_K, cpy_ne, oob_check>
      |         ^
/home/srcds/dev/uf3_rocm6.1_llama.cpp/ggml/src/ggml-cuda/template-instances/../fattn-tile.cuh:811:9: note: in instantiation of function template specialization 'flash_attn_tile_iter_KQ<32, 8, 2, 8, 128, 64, 0, false, false, __half2, true>' requested here
  811 |         flash_attn_tile_iter_KQ<warp_size, nwarps, ncols1, ncols2, DKQ, nbatch_fa, nbatch_K_last, use_logit_softcap, oob_check, T_vec_dot, k_q8_0>(
      |         ^
/home/srcds/dev/uf3_rocm6.1_llama.cpp/ggml/src/ggml-cuda/template-instances/../fattn-tile.cuh:1199:13: note: in instantiation of function template specialization 'flash_attn_tile_iter<32, 8, 2, 8, 128, 128, 64, 128, false, false, true, true, __half2, __half, __half2>' requested here
 1199 |             flash_attn_tile_iter<warp_size, nwarps, ncols1, ncols2, DKQ, DV, nbatch_fa, nbatch_K, use_logit_softcap, oob_check, k_q8_0, v_q8_0>
      |             ^
/home/srcds/dev/uf3_rocm6.1_llama.cpp/ggml/src/ggml-cuda/template-instances/../fattn-tile.cuh:1432:47: note: in instantiation of function template specialization 'flash_attn_tile<128, 128, 2, 8, false, true, true>' requested here
 1432 |                 fattn_kernel_t fattn_kernel = flash_attn_tile<DKQ, DV, cols_per_block/ncols2, ncols2, use_logit_softcap, true, true>;
      |                                               ^
/home/srcds/dev/uf3_rocm6.1_llama.cpp/ggml/src/ggml-cuda/template-instances/../fattn-tile.cuh:1478:28: note: in instantiation of function template specialization 'launch_fattn_tile_vega_native<128, 128, 8, false, 16>' requested here
 1478 |                 launched = launch_fattn_tile_vega_native<DKQ, DV, ncols2, use_logit_softcap, 16>(ctx, dst);
      |                            ^
/home/srcds/dev/uf3_rocm6.1_llama.cpp/ggml/src/ggml-cuda/template-instances/../fattn-tile.cuh:1638:13: note: in instantiation of function template specialization 'launch_fattn_tile_switch_ncols1<128, 128, 8, false>' requested here
 1638 |             launch_fattn_tile_switch_ncols1<DKQ, DV, 8, use_logit_softcap>(ctx, dst);
      |             ^
/home/srcds/dev/uf3_rocm6.1_llama.cpp/ggml/src/ggml-cuda/template-instances/../fattn-tile.cuh:1669:9: note: in instantiation of function template specialization 'launch_fattn_tile_switch_ncols2<128, 128, false>' requested here
 1669 |         launch_fattn_tile_switch_ncols2<DKQ, DV, use_logit_softcap>(ctx, dst);
      |         ^
/home/srcds/dev/uf3_rocm6.1_llama.cpp/ggml/src/ggml-cuda/template-instances/../fattn-tile.cuh:504:29: warning: remainder by zero is undefined [-Wdivision-by-zero]
  504 |             const int j = b % nb;
      |                             ^ ~~
/home/srcds/dev/uf3_rocm6.1_llama.cpp/ggml/src/ggml-cuda/template-instances/../fattn-tile.cuh:503:29: warning: division by zero is undefined [-Wdivision-by-zero]
  503 |             const int i = b / nb;
      |                             ^ ~~
/home/srcds/dev/uf3_rocm6.1_llama.cpp/ggml/src/ggml-cuda/template-instances/../fattn-tile.cuh:604:9: note: in instantiation of function template specialization 'flash_attn_tile_load_tile_q8_0<32, 8, 64, 0, 4, true>' requested here
  604 |         flash_attn_tile_load_tile_q8_0<warp_size, nwarps, nbatch_fa, nbatch_K, cpy_ne, oob_check>
      |         ^
/home/srcds/dev/uf3_rocm6.1_llama.cpp/ggml/src/ggml-cuda/template-instances/../fattn-tile.cuh:811:9: note: in instantiation of function template specialization 'flash_attn_tile_iter_KQ<32, 8, 2, 8, 128, 64, 0, false, true, __half2, true>' requested here
  811 |         flash_attn_tile_iter_KQ<warp_size, nwarps, ncols1, ncols2, DKQ, nbatch_fa, nbatch_K_last, use_logit_softcap, oob_check, T_vec_dot, k_q8_0>(
      |         ^
/home/srcds/dev/uf3_rocm6.1_llama.cpp/ggml/src/ggml-cuda/template-instances/../fattn-tile.cuh:1212:13: note: in instantiation of function template specialization 'flash_attn_tile_iter<32, 8, 2, 8, 128, 128, 64, 128, false, true, true, true, __half2, __half, __half2>' requested here
 1212 |             flash_attn_tile_iter<warp_size, nwarps, ncols1, ncols2, DKQ, DV, nbatch_fa, nbatch_K, use_logit_softcap, oob_check, k_q8_0, v_q8_0>
      |             ^
/home/srcds/dev/uf3_rocm6.1_llama.cpp/ggml/src/ggml-cuda/template-instances/../fattn-tile.cuh:1432:47: note: in instantiation of function template specialization 'flash_attn_tile<128, 128, 2, 8, false, true, true>' requested here
 1432 |                 fattn_kernel_t fattn_kernel = flash_attn_tile<DKQ, DV, cols_per_block/ncols2, ncols2, use_logit_softcap, true, true>;
      |                                               ^
/home/srcds/dev/uf3_rocm6.1_llama.cpp/ggml/src/ggml-cuda/template-instances/../fattn-tile.cuh:1478:28: note: in instantiation of function template specialization 'launch_fattn_tile_vega_native<128, 128, 8, false, 16>' requested here
 1478 |                 launched = launch_fattn_tile_vega_native<DKQ, DV, ncols2, use_logit_softcap, 16>(ctx, dst);
      |                            ^
/home/srcds/dev/uf3_rocm6.1_llama.cpp/ggml/src/ggml-cuda/template-instances/../fattn-tile.cuh:1638:13: note: in instantiation of function template specialization 'launch_fattn_tile_switch_ncols1<128, 128, 8, false>' requested here
 1638 |             launch_fattn_tile_switch_ncols1<DKQ, DV, 8, use_logit_softcap>(ctx, dst);
      |             ^
/home/srcds/dev/uf3_rocm6.1_llama.cpp/ggml/src/ggml-cuda/template-instances/../fattn-tile.cuh:1669:9: note: in instantiation of function template specialization 'launch_fattn_tile_switch_ncols2<128, 128, false>' requested here
 1669 |         launch_fattn_tile_switch_ncols2<DKQ, DV, use_logit_softcap>(ctx, dst);
      |         ^
/home/srcds/dev/uf3_rocm6.1_llama.cpp/ggml/src/ggml-cuda/template-instances/../fattn-tile.cuh:504:29: warning: remainder by zero is undefined [-Wdivision-by-zero]
  504 |             const int j = b % nb;
      |                             ^ ~~
[ 26%] Generate vulkan shaders for pad_reflect_1d.comp
[ 26%] Generate vulkan shaders for pool1d.comp
[ 26%] Building HIP object ggml/src/ggml-hip/CMakeFiles/ggml-hip.dir/__/ggml-cuda/template-instances/fattn-tile-instance-dkq40-dv40.cu.o
[ 26%] Generate vulkan shaders for pool2d.comp
[ 26%] Building HIP object ggml/src/ggml-hip/CMakeFiles/ggml-hip.dir/__/ggml-cuda/template-instances/fattn-tile-instance-dkq512-dv512.cu.o
[ 26%] Building HIP object ggml/src/ggml-hip/CMakeFiles/ggml-hip.dir/__/ggml-cuda/template-instances/fattn-tile-instance-dkq576-dv512.cu.o
[ 26%] Generate vulkan shaders for quantize_q8_1.comp
[ 26%] Building HIP object ggml/src/ggml-hip/CMakeFiles/ggml-hip.dir/__/ggml-cuda/template-instances/fattn-tile-instance-dkq64-dv64.cu.o
[ 26%] Generate vulkan shaders for reglu.comp
In file included from /home/srcds/dev/uf3_rocm6.1_llama.cpp/ggml/src/ggml-cuda/template-instances/fattn-tile-instance-dkq192-dv128.cu:3:
/home/srcds/dev/uf3_rocm6.1_llama.cpp/ggml/src/ggml-cuda/template-instances/../fattn-tile.cuh:503:29: warning: division by zero is undefined [-Wdivision-by-zero]
  503 |             const int i = b / nb;
      |                             ^ ~~
/home/srcds/dev/uf3_rocm6.1_llama.cpp/ggml/src/ggml-cuda/template-instances/../fattn-tile.cuh:604:9: note: in instantiation of function template specialization 'flash_attn_tile_load_tile_q8_0<32, 8, 32, 0, 4, false>' requested here
  604 |         flash_attn_tile_load_tile_q8_0<warp_size, nwarps, nbatch_fa, nbatch_K, cpy_ne, oob_check>
      |         ^
/home/srcds/dev/uf3_rocm6.1_llama.cpp/ggml/src/ggml-cuda/template-instances/../fattn-tile.cuh:811:9: note: in instantiation of function template specialization 'flash_attn_tile_iter_KQ<32, 8, 1, 16, 192, 32, 0, false, false, __half2, true>' requested here
  811 |         flash_attn_tile_iter_KQ<warp_size, nwarps, ncols1, ncols2, DKQ, nbatch_fa, nbatch_K_last, use_logit_softcap, oob_check, T_vec_dot, k_q8_0>(
      |         ^
/home/srcds/dev/uf3_rocm6.1_llama.cpp/ggml/src/ggml-cuda/template-instances/../fattn-tile.cuh:1199:13: note: in instantiation of function template specialization 'flash_attn_tile_iter<32, 8, 1, 16, 192, 128, 32, 64, false, false, true, true, __half2, __half, __half2>' requested here
 1199 |             flash_attn_tile_iter<warp_size, nwarps, ncols1, ncols2, DKQ, DV, nbatch_fa, nbatch_K, use_logit_softcap, oob_check, k_q8_0, v_q8_0>
      |             ^
/home/srcds/dev/uf3_rocm6.1_llama.cpp/ggml/src/ggml-cuda/template-instances/../fattn-tile.cuh:1432:47: note: in instantiation of function template specialization 'flash_attn_tile<192, 128, 1, 16, false, true, true>' requested here
 1432 |                 fattn_kernel_t fattn_kernel = flash_attn_tile<DKQ, DV, cols_per_block/ncols2, ncols2, use_logit_softcap, true, true>;
      |                                               ^
/home/srcds/dev/uf3_rocm6.1_llama.cpp/ggml/src/ggml-cuda/template-instances/../fattn-tile.cuh:1478:28: note: in instantiation of function template specialization 'launch_fattn_tile_vega_native<192, 128, 16, false, 16>' requested here
 1478 |                 launched = launch_fattn_tile_vega_native<DKQ, DV, ncols2, use_logit_softcap, 16>(ctx, dst);
      |                            ^
/home/srcds/dev/uf3_rocm6.1_llama.cpp/ggml/src/ggml-cuda/template-instances/../fattn-tile.cuh:1626:13: note: in instantiation of function template specialization 'launch_fattn_tile_switch_ncols1<192, 128, 16, false>' requested here
 1626 |             launch_fattn_tile_switch_ncols1<DKQ, DV, 16, use_logit_softcap>(ctx, dst);
      |             ^
/home/srcds/dev/uf3_rocm6.1_llama.cpp/ggml/src/ggml-cuda/template-instances/../fattn-tile.cuh:1669:9: note: in instantiation of function template specialization 'launch_fattn_tile_switch_ncols2<192, 128, false>' requested here
 1669 |         launch_fattn_tile_switch_ncols2<DKQ, DV, use_logit_softcap>(ctx, dst);
      |         ^
/home/srcds/dev/uf3_rocm6.1_llama.cpp/ggml/src/ggml-cuda/template-instances/../fattn-tile.cuh:504:29: warning: remainder by zero is undefined [-Wdivision-by-zero]
  504 |             const int j = b % nb;
      |                             ^ ~~
/home/srcds/dev/uf3_rocm6.1_llama.cpp/ggml/src/ggml-cuda/template-instances/../fattn-tile.cuh:503:29: warning: division by zero is undefined [-Wdivision-by-zero]
  503 |             const int i = b / nb;
      |                             ^ ~~
/home/srcds/dev/uf3_rocm6.1_llama.cpp/ggml/src/ggml-cuda/template-instances/../fattn-tile.cuh:604:9: note: in instantiation of function template specialization 'flash_attn_tile_load_tile_q8_0<32, 8, 32, 0, 4, true>' requested here
  604 |         flash_attn_tile_load_tile_q8_0<warp_size, nwarps, nbatch_fa, nbatch_K, cpy_ne, oob_check>
      |         ^
/home/srcds/dev/uf3_rocm6.1_llama.cpp/ggml/src/ggml-cuda/template-instances/../fattn-tile.cuh:811:9: note: in instantiation of function template specialization 'flash_attn_tile_iter_KQ<32, 8, 1, 16, 192, 32, 0, false, true, __half2, true>' requested here
  811 |         flash_attn_tile_iter_KQ<warp_size, nwarps, ncols1, ncols2, DKQ, nbatch_fa, nbatch_K_last, use_logit_softcap, oob_check, T_vec_dot, k_q8_0>(
      |         ^
/home/srcds/dev/uf3_rocm6.1_llama.cpp/ggml/src/ggml-cuda/template-instances/../fattn-tile.cuh:1212:13: note: in instantiation of function template specialization 'flash_attn_tile_iter<32, 8, 1, 16, 192, 128, 32, 64, false, true, true, true, __half2, __half, __half2>' requested here
 1212 |             flash_attn_tile_iter<warp_size, nwarps, ncols1, ncols2, DKQ, DV, nbatch_fa, nbatch_K, use_logit_softcap, oob_check, k_q8_0, v_q8_0>
      |             ^
/home/srcds/dev/uf3_rocm6.1_llama.cpp/ggml/src/ggml-cuda/template-instances/../fattn-tile.cuh:1432:47: note: in instantiation of function template specialization 'flash_attn_tile<192, 128, 1, 16, false, true, true>' requested here
 1432 |                 fattn_kernel_t fattn_kernel = flash_attn_tile<DKQ, DV, cols_per_block/ncols2, ncols2, use_logit_softcap, true, true>;
      |                                               ^
/home/srcds/dev/uf3_rocm6.1_llama.cpp/ggml/src/ggml-cuda/template-instances/../fattn-tile.cuh:1478:28: note: in instantiation of function template specialization 'launch_fattn_tile_vega_native<192, 128, 16, false, 16>' requested here
 1478 |                 launched = launch_fattn_tile_vega_native<DKQ, DV, ncols2, use_logit_softcap, 16>(ctx, dst);
      |                            ^
/home/srcds/dev/uf3_rocm6.1_llama.cpp/ggml/src/ggml-cuda/template-instances/../fattn-tile.cuh:1626:13: note: in instantiation of function template specialization 'launch_fattn_tile_switch_ncols1<192, 128, 16, false>' requested here
 1626 |             launch_fattn_tile_switch_ncols1<DKQ, DV, 16, use_logit_softcap>(ctx, dst);
      |             ^
/home/srcds/dev/uf3_rocm6.1_llama.cpp/ggml/src/ggml-cuda/template-instances/../fattn-tile.cuh:1669:9: note: in instantiation of function template specialization 'launch_fattn_tile_switch_ncols2<192, 128, false>' requested here
 1669 |         launch_fattn_tile_switch_ncols2<DKQ, DV, use_logit_softcap>(ctx, dst);
      |         ^
/home/srcds/dev/uf3_rocm6.1_llama.cpp/ggml/src/ggml-cuda/template-instances/../fattn-tile.cuh:504:29: warning: remainder by zero is undefined [-Wdivision-by-zero]
  504 |             const int j = b % nb;
      |                             ^ ~~
[ 26%] Generate vulkan shaders for repeat.comp
[ 26%] Generate vulkan shaders for repeat_back.comp
In file included from /home/srcds/dev/uf3_rocm6.1_llama.cpp/ggml/src/ggml-cuda/template-instances/fattn-tile-instance-dkq256-dv256.cu:3:
/home/srcds/dev/uf3_rocm6.1_llama.cpp/ggml/src/ggml-cuda/template-instances/../fattn-tile.cuh:503:29: warning: division by zero is undefined [-Wdivision-by-zero]
  503 |             const int i = b / nb;
      |                             ^ ~~
/home/srcds/dev/uf3_rocm6.1_llama.cpp/ggml/src/ggml-cuda/template-instances/../fattn-tile.cuh:604:9: note: in instantiation of function template specialization 'flash_attn_tile_load_tile_q8_0<32, 8, 32, 0, 4, false>' requested here
  604 |         flash_attn_tile_load_tile_q8_0<warp_size, nwarps, nbatch_fa, nbatch_K, cpy_ne, oob_check>
      |         ^
/home/srcds/dev/uf3_rocm6.1_llama.cpp/ggml/src/ggml-cuda/template-instances/../fattn-tile.cuh:811:9: note: in instantiation of function template specialization 'flash_attn_tile_iter_KQ<32, 8, 2, 8, 256, 32, 0, false, false, __half2, true>' requested here
  811 |         flash_attn_tile_iter_KQ<warp_size, nwarps, ncols1, ncols2, DKQ, nbatch_fa, nbatch_K_last, use_logit_softcap, oob_check, T_vec_dot, k_q8_0>(
      |         ^
/home/srcds/dev/uf3_rocm6.1_llama.cpp/ggml/src/ggml-cuda/template-instances/../fattn-tile.cuh:1199:13: note: in instantiation of function template specialization 'flash_attn_tile_iter<32, 8, 2, 8, 256, 256, 32, 128, false, false, true, true, __half2, __half, __half2>' requested here
 1199 |             flash_attn_tile_iter<warp_size, nwarps, ncols1, ncols2, DKQ, DV, nbatch_fa, nbatch_K, use_logit_softcap, oob_check, k_q8_0, v_q8_0>
      |             ^
/home/srcds/dev/uf3_rocm6.1_llama.cpp/ggml/src/ggml-cuda/template-instances/../fattn-tile.cuh:1432:47: note: in instantiation of function template specialization 'flash_attn_tile<256, 256, 2, 8, false, true, true>' requested here
 1432 |                 fattn_kernel_t fattn_kernel = flash_attn_tile<DKQ, DV, cols_per_block/ncols2, ncols2, use_logit_softcap, true, true>;
      |                                               ^
/home/srcds/dev/uf3_rocm6.1_llama.cpp/ggml/src/ggml-cuda/template-instances/../fattn-tile.cuh:1478:28: note: in instantiation of function template specialization 'launch_fattn_tile_vega_native<256, 256, 8, false, 16>' requested here
 1478 |                 launched = launch_fattn_tile_vega_native<DKQ, DV, ncols2, use_logit_softcap, 16>(ctx, dst);
      |                            ^
/home/srcds/dev/uf3_rocm6.1_llama.cpp/ggml/src/ggml-cuda/template-instances/../fattn-tile.cuh:1638:13: note: in instantiation of function template specialization 'launch_fattn_tile_switch_ncols1<256, 256, 8, false>' requested here
 1638 |             launch_fattn_tile_switch_ncols1<DKQ, DV, 8, use_logit_softcap>(ctx, dst);
      |             ^
/home/srcds/dev/uf3_rocm6.1_llama.cpp/ggml/src/ggml-cuda/template-instances/../fattn-tile.cuh:1669:9: note: in instantiation of function template specialization 'launch_fattn_tile_switch_ncols2<256, 256, false>' requested here
 1669 |         launch_fattn_tile_switch_ncols2<DKQ, DV, use_logit_softcap>(ctx, dst);
      |         ^
/home/srcds/dev/uf3_rocm6.1_llama.cpp/ggml/src/ggml-cuda/template-instances/../fattn-tile.cuh:504:29: warning: remainder by zero is undefined [-Wdivision-by-zero]
  504 |             const int j = b % nb;
      |                             ^ ~~
/home/srcds/dev/uf3_rocm6.1_llama.cpp/ggml/src/ggml-cuda/template-instances/../fattn-tile.cuh:503:29: warning: division by zero is undefined [-Wdivision-by-zero]
  503 |             const int i = b / nb;
      |                             ^ ~~
/home/srcds/dev/uf3_rocm6.1_llama.cpp/ggml/src/ggml-cuda/template-instances/../fattn-tile.cuh:604:9: note: in instantiation of function template specialization 'flash_attn_tile_load_tile_q8_0<32, 8, 32, 0, 4, true>' requested here
  604 |         flash_attn_tile_load_tile_q8_0<warp_size, nwarps, nbatch_fa, nbatch_K, cpy_ne, oob_check>
      |         ^
/home/srcds/dev/uf3_rocm6.1_llama.cpp/ggml/src/ggml-cuda/template-instances/../fattn-tile.cuh:811:9: note: in instantiation of function template specialization 'flash_attn_tile_iter_KQ<32, 8, 2, 8, 256, 32, 0, false, true, __half2, true>' requested here
  811 |         flash_attn_tile_iter_KQ<warp_size, nwarps, ncols1, ncols2, DKQ, nbatch_fa, nbatch_K_last, use_logit_softcap, oob_check, T_vec_dot, k_q8_0>(
      |         ^
/home/srcds/dev/uf3_rocm6.1_llama.cpp/ggml/src/ggml-cuda/template-instances/../fattn-tile.cuh:1212:13: note: in instantiation of function template specialization 'flash_attn_tile_iter<32, 8, 2, 8, 256, 256, 32, 128, false, true, true, true, __half2, __half, __half2>' requested here
 1212 |             flash_attn_tile_iter<warp_size, nwarps, ncols1, ncols2, DKQ, DV, nbatch_fa, nbatch_K, use_logit_softcap, oob_check, k_q8_0, v_q8_0>
      |             ^
/home/srcds/dev/uf3_rocm6.1_llama.cpp/ggml/src/ggml-cuda/template-instances/../fattn-tile.cuh:1432:47: note: in instantiation of function template specialization 'flash_attn_tile<256, 256, 2, 8, false, true, true>' requested here
 1432 |                 fattn_kernel_t fattn_kernel = flash_attn_tile<DKQ, DV, cols_per_block/ncols2, ncols2, use_logit_softcap, true, true>;
      |                                               ^
/home/srcds/dev/uf3_rocm6.1_llama.cpp/ggml/src/ggml-cuda/template-instances/../fattn-tile.cuh:1478:28: note: in instantiation of function template specialization 'launch_fattn_tile_vega_native<256, 256, 8, false, 16>' requested here
 1478 |                 launched = launch_fattn_tile_vega_native<DKQ, DV, ncols2, use_logit_softcap, 16>(ctx, dst);
      |                            ^
/home/srcds/dev/uf3_rocm6.1_llama.cpp/ggml/src/ggml-cuda/template-instances/../fattn-tile.cuh:1638:13: note: in instantiation of function template specialization 'launch_fattn_tile_switch_ncols1<256, 256, 8, false>' requested here
 1638 |             launch_fattn_tile_switch_ncols1<DKQ, DV, 8, use_logit_softcap>(ctx, dst);
      |             ^
/home/srcds/dev/uf3_rocm6.1_llama.cpp/ggml/src/ggml-cuda/template-instances/../fattn-tile.cuh:1669:9: note: in instantiation of function template specialization 'launch_fattn_tile_switch_ncols2<256, 256, false>' requested here
 1669 |         launch_fattn_tile_switch_ncols2<DKQ, DV, use_logit_softcap>(ctx, dst);
      |         ^
/home/srcds/dev/uf3_rocm6.1_llama.cpp/ggml/src/ggml-cuda/template-instances/../fattn-tile.cuh:504:29: warning: remainder by zero is undefined [-Wdivision-by-zero]
  504 |             const int j = b % nb;
      |                             ^ ~~
[ 26%] Generate vulkan shaders for rms_norm.comp
[ 26%] Building HIP object ggml/src/ggml-hip/CMakeFiles/ggml-hip.dir/__/ggml-cuda/template-instances/fattn-tile-instance-dkq72-dv72.cu.o
[ 26%] Generate vulkan shaders for rms_norm_back.comp
[ 27%] Generate vulkan shaders for rms_norm_partials.comp
In file included from /home/srcds/dev/uf3_rocm6.1_llama.cpp/ggml/src/ggml-cuda/template-instances/fattn-tile-instance-dkq64-dv64.cu:3:
/home/srcds/dev/uf3_rocm6.1_llama.cpp/ggml/src/ggml-cuda/template-instances/../fattn-tile.cuh:503:29: warning: division by zero is undefined [-Wdivision-by-zero]
  503 |             const int i = b / nb;
      |                             ^ ~~
/home/srcds/dev/uf3_rocm6.1_llama.cpp/ggml/src/ggml-cuda/template-instances/../fattn-tile.cuh:604:9: note: in instantiation of function template specialization 'flash_attn_tile_load_tile_q8_0<32, 8, 128, 0, 4, false>' requested here
  604 |         flash_attn_tile_load_tile_q8_0<warp_size, nwarps, nbatch_fa, nbatch_K, cpy_ne, oob_check>
      |         ^
/home/srcds/dev/uf3_rocm6.1_llama.cpp/ggml/src/ggml-cuda/template-instances/../fattn-tile.cuh:811:9: note: in instantiation of function template specialization 'flash_attn_tile_iter_KQ<32, 8, 2, 8, 64, 128, 0, false, false, __half2, true>' requested here
  811 |         flash_attn_tile_iter_KQ<warp_size, nwarps, ncols1, ncols2, DKQ, nbatch_fa, nbatch_K_last, use_logit_softcap, oob_check, T_vec_dot, k_q8_0>(
      |         ^
/home/srcds/dev/uf3_rocm6.1_llama.cpp/ggml/src/ggml-cuda/template-instances/../fattn-tile.cuh:1199:13: note: in instantiation of function template specialization 'flash_attn_tile_iter<32, 8, 2, 8, 64, 64, 128, 64, false, false, true, true, __half2, __half, __half2>' requested here
 1199 |             flash_attn_tile_iter<warp_size, nwarps, ncols1, ncols2, DKQ, DV, nbatch_fa, nbatch_K, use_logit_softcap, oob_check, k_q8_0, v_q8_0>
      |             ^
/home/srcds/dev/uf3_rocm6.1_llama.cpp/ggml/src/ggml-cuda/template-instances/../fattn-tile.cuh:1432:47: note: in instantiation of function template specialization 'flash_attn_tile<64, 64, 2, 8, false, true, true>' requested here
 1432 |                 fattn_kernel_t fattn_kernel = flash_attn_tile<DKQ, DV, cols_per_block/ncols2, ncols2, use_logit_softcap, true, true>;
      |                                               ^
/home/srcds/dev/uf3_rocm6.1_llama.cpp/ggml/src/ggml-cuda/template-instances/../fattn-tile.cuh:1478:28: note: in instantiation of function template specialization 'launch_fattn_tile_vega_native<64, 64, 8, false, 16>' requested here
 1478 |                 launched = launch_fattn_tile_vega_native<DKQ, DV, ncols2, use_logit_softcap, 16>(ctx, dst);
      |                            ^
/home/srcds/dev/uf3_rocm6.1_llama.cpp/ggml/src/ggml-cuda/template-instances/../fattn-tile.cuh:1638:13: note: in instantiation of function template specialization 'launch_fattn_tile_switch_ncols1<64, 64, 8, false>' requested here
 1638 |             launch_fattn_tile_switch_ncols1<DKQ, DV, 8, use_logit_softcap>(ctx, dst);
      |             ^
/home/srcds/dev/uf3_rocm6.1_llama.cpp/ggml/src/ggml-cuda/template-instances/../fattn-tile.cuh:1669:9: note: in instantiation of function template specialization 'launch_fattn_tile_switch_ncols2<64, 64, false>' requested here
 1669 |         launch_fattn_tile_switch_ncols2<DKQ, DV, use_logit_softcap>(ctx, dst);
      |         ^
/home/srcds/dev/uf3_rocm6.1_llama.cpp/ggml/src/ggml-cuda/template-instances/../fattn-tile.cuh:504:29: warning: remainder by zero is undefined [-Wdivision-by-zero]
  504 |             const int j = b % nb;
      |                             ^ ~~
/home/srcds/dev/uf3_rocm6.1_llama.cpp/ggml/src/ggml-cuda/template-instances/../fattn-tile.cuh:503:29: warning: division by zero is undefined [-Wdivision-by-zero]
  503 |             const int i = b / nb;
      |                             ^ ~~
/home/srcds/dev/uf3_rocm6.1_llama.cpp/ggml/src/ggml-cuda/template-instances/../fattn-tile.cuh:604:9: note: in instantiation of function template specialization 'flash_attn_tile_load_tile_q8_0<32, 8, 128, 0, 4, true>' requested here
  604 |         flash_attn_tile_load_tile_q8_0<warp_size, nwarps, nbatch_fa, nbatch_K, cpy_ne, oob_check>
      |         ^
/home/srcds/dev/uf3_rocm6.1_llama.cpp/ggml/src/ggml-cuda/template-instances/../fattn-tile.cuh:811:9: note: in instantiation of function template specialization 'flash_attn_tile_iter_KQ<32, 8, 2, 8, 64, 128, 0, false, true, __half2, true>' requested here
  811 |         flash_attn_tile_iter_KQ<warp_size, nwarps, ncols1, ncols2, DKQ, nbatch_fa, nbatch_K_last, use_logit_softcap, oob_check, T_vec_dot, k_q8_0>(
      |         ^
/home/srcds/dev/uf3_rocm6.1_llama.cpp/ggml/src/ggml-cuda/template-instances/../fattn-tile.cuh:1212:13: note: in instantiation of function template specialization 'flash_attn_tile_iter<32, 8, 2, 8, 64, 64, 128, 64, false, true, true, true, __half2, __half, __half2>' requested here
 1212 |             flash_attn_tile_iter<warp_size, nwarps, ncols1, ncols2, DKQ, DV, nbatch_fa, nbatch_K, use_logit_softcap, oob_check, k_q8_0, v_q8_0>
      |             ^
/home/srcds/dev/uf3_rocm6.1_llama.cpp/ggml/src/ggml-cuda/template-instances/../fattn-tile.cuh:1432:47: note: in instantiation of function template specialization 'flash_attn_tile<64, 64, 2, 8, false, true, true>' requested here
 1432 |                 fattn_kernel_t fattn_kernel = flash_attn_tile<DKQ, DV, cols_per_block/ncols2, ncols2, use_logit_softcap, true, true>;
      |                                               ^
/home/srcds/dev/uf3_rocm6.1_llama.cpp/ggml/src/ggml-cuda/template-instances/../fattn-tile.cuh:1478:28: note: in instantiation of function template specialization 'launch_fattn_tile_vega_native<64, 64, 8, false, 16>' requested here
 1478 |                 launched = launch_fattn_tile_vega_native<DKQ, DV, ncols2, use_logit_softcap, 16>(ctx, dst);
      |                            ^
/home/srcds/dev/uf3_rocm6.1_llama.cpp/ggml/src/ggml-cuda/template-instances/../fattn-tile.cuh:1638:13: note: in instantiation of function template specialization 'launch_fattn_tile_switch_ncols1<64, 64, 8, false>' requested here
 1638 |             launch_fattn_tile_switch_ncols1<DKQ, DV, 8, use_logit_softcap>(ctx, dst);
      |             ^
/home/srcds/dev/uf3_rocm6.1_llama.cpp/ggml/src/ggml-cuda/template-instances/../fattn-tile.cuh:1669:9: note: in instantiation of function template specialization 'launch_fattn_tile_switch_ncols2<64, 64, false>' requested here
 1669 |         launch_fattn_tile_switch_ncols2<DKQ, DV, use_logit_softcap>(ctx, dst);
      |         ^
/home/srcds/dev/uf3_rocm6.1_llama.cpp/ggml/src/ggml-cuda/template-instances/../fattn-tile.cuh:504:29: warning: remainder by zero is undefined [-Wdivision-by-zero]
  504 |             const int j = b % nb;
      |                             ^ ~~
/home/srcds/dev/uf3_rocm6.1_llama.cpp/ggml/src/ggml-cuda/template-instances/../fattn-tile.cuh:503:29: warning: division by zero is undefined [-Wdivision-by-zero]
  503 |             const int i = b / nb;
      |                             ^ ~~
/home/srcds/dev/uf3_rocm6.1_llama.cpp/ggml/src/ggml-cuda/template-instances/../fattn-tile.cuh:604:9: note: in instantiation of function template specialization 'flash_attn_tile_load_tile_q8_0<32, 8, 64, 0, 4, false>' requested here
  604 |         flash_attn_tile_load_tile_q8_0<warp_size, nwarps, nbatch_fa, nbatch_K, cpy_ne, oob_check>
      |         ^
/home/srcds/dev/uf3_rocm6.1_llama.cpp/ggml/src/ggml-cuda/template-instances/../fattn-tile.cuh:811:9: note: in instantiation of function template specialization 'flash_attn_tile_iter_KQ<32, 8, 8, 8, 64, 64, 0, false, false, __half2, true>' requested here
  811 |         flash_attn_tile_iter_KQ<warp_size, nwarps, ncols1, ncols2, DKQ, nbatch_fa, nbatch_K_last, use_logit_softcap, oob_check, T_vec_dot, k_q8_0>(
      |         ^
/home/srcds/dev/uf3_rocm6.1_llama.cpp/ggml/src/ggml-cuda/template-instances/../fattn-tile.cuh:1199:13: note: in instantiation of function template specialization 'flash_attn_tile_iter<32, 8, 8, 8, 64, 64, 64, 64, false, false, true, true, __half2, __half, __half2>' requested here
 1199 |             flash_attn_tile_iter<warp_size, nwarps, ncols1, ncols2, DKQ, DV, nbatch_fa, nbatch_K, use_logit_softcap, oob_check, k_q8_0, v_q8_0>
      |             ^
/home/srcds/dev/uf3_rocm6.1_llama.cpp/ggml/src/ggml-cuda/template-instances/../fattn-tile.cuh:1432:47: note: in instantiation of function template specialization 'flash_attn_tile<64, 64, 8, 8, false, true, true>' requested here
 1432 |                 fattn_kernel_t fattn_kernel = flash_attn_tile<DKQ, DV, cols_per_block/ncols2, ncols2, use_logit_softcap, true, true>;
      |                                               ^
/home/srcds/dev/uf3_rocm6.1_llama.cpp/ggml/src/ggml-cuda/template-instances/../fattn-tile.cuh:1481:28: note: in instantiation of function template specialization 'launch_fattn_tile_vega_native<64, 64, 8, false, 64>' requested here
 1481 |                 launched = launch_fattn_tile_vega_native<DKQ, DV, ncols2, use_logit_softcap, cols_per_block>(ctx, dst);
      |                            ^
/home/srcds/dev/uf3_rocm6.1_llama.cpp/ggml/src/ggml-cuda/template-instances/../fattn-tile.cuh:1638:13: note: in instantiation of function template specialization 'launch_fattn_tile_switch_ncols1<64, 64, 8, false>' requested here
 1638 |             launch_fattn_tile_switch_ncols1<DKQ, DV, 8, use_logit_softcap>(ctx, dst);
      |             ^
/home/srcds/dev/uf3_rocm6.1_llama.cpp/ggml/src/ggml-cuda/template-instances/../fattn-tile.cuh:1669:9: note: in instantiation of function template specialization 'launch_fattn_tile_switch_ncols2<64, 64, false>' requested here
 1669 |         launch_fattn_tile_switch_ncols2<DKQ, DV, use_logit_softcap>(ctx, dst);
      |         ^
/home/srcds/dev/uf3_rocm6.1_llama.cpp/ggml/src/ggml-cuda/template-instances/../fattn-tile.cuh:504:29: warning: remainder by zero is undefined [-Wdivision-by-zero]
  504 |             const int j = b % nb;
      |                             ^ ~~
/home/srcds/dev/uf3_rocm6.1_llama.cpp/ggml/src/ggml-cuda/template-instances/../fattn-tile.cuh:503:29: warning: division by zero is undefined [-Wdivision-by-zero]
  503 |             const int i = b / nb;
      |                             ^ ~~
/home/srcds/dev/uf3_rocm6.1_llama.cpp/ggml/src/ggml-cuda/template-instances/../fattn-tile.cuh:604:9: note: in instantiation of function template specialization 'flash_attn_tile_load_tile_q8_0<32, 8, 64, 0, 4, true>' requested here
  604 |         flash_attn_tile_load_tile_q8_0<warp_size, nwarps, nbatch_fa, nbatch_K, cpy_ne, oob_check>
      |         ^
/home/srcds/dev/uf3_rocm6.1_llama.cpp/ggml/src/ggml-cuda/template-instances/../fattn-tile.cuh:811:9: note: in instantiation of function template specialization 'flash_attn_tile_iter_KQ<32, 8, 8, 8, 64, 64, 0, false, true, __half2, true>' requested here
  811 |         flash_attn_tile_iter_KQ<warp_size, nwarps, ncols1, ncols2, DKQ, nbatch_fa, nbatch_K_last, use_logit_softcap, oob_check, T_vec_dot, k_q8_0>(
      |         ^
/home/srcds/dev/uf3_rocm6.1_llama.cpp/ggml/src/ggml-cuda/template-instances/../fattn-tile.cuh:1212:13: note: in instantiation of function template specialization 'flash_attn_tile_iter<32, 8, 8, 8, 64, 64, 64, 64, false, true, true, true, __half2, __half, __half2>' requested here
 1212 |             flash_attn_tile_iter<warp_size, nwarps, ncols1, ncols2, DKQ, DV, nbatch_fa, nbatch_K, use_logit_softcap, oob_check, k_q8_0, v_q8_0>
      |             ^
/home/srcds/dev/uf3_rocm6.1_llama.cpp/ggml/src/ggml-cuda/template-instances/../fattn-tile.cuh:1432:47: note: in instantiation of function template specialization 'flash_attn_tile<64, 64, 8, 8, false, true, true>' requested here
 1432 |                 fattn_kernel_t fattn_kernel = flash_attn_tile<DKQ, DV, cols_per_block/ncols2, ncols2, use_logit_softcap, true, true>;
      |                                               ^
/home/srcds/dev/uf3_rocm6.1_llama.cpp/ggml/src/ggml-cuda/template-instances/../fattn-tile.cuh:1481:28: note: in instantiation of function template specialization 'launch_fattn_tile_vega_native<64, 64, 8, false, 64>' requested here
 1481 |                 launched = launch_fattn_tile_vega_native<DKQ, DV, ncols2, use_logit_softcap, cols_per_block>(ctx, dst);
      |                            ^
/home/srcds/dev/uf3_rocm6.1_llama.cpp/ggml/src/ggml-cuda/template-instances/../fattn-tile.cuh:1638:13: note: in instantiation of function template specialization 'launch_fattn_tile_switch_ncols1<64, 64, 8, false>' requested here
 1638 |             launch_fattn_tile_switch_ncols1<DKQ, DV, 8, use_logit_softcap>(ctx, dst);
      |             ^
/home/srcds/dev/uf3_rocm6.1_llama.cpp/ggml/src/ggml-cuda/template-instances/../fattn-tile.cuh:1669:9: note: in instantiation of function template specialization 'launch_fattn_tile_switch_ncols2<64, 64, false>' requested here
 1669 |         launch_fattn_tile_switch_ncols2<DKQ, DV, use_logit_softcap>(ctx, dst);
      |         ^
/home/srcds/dev/uf3_rocm6.1_llama.cpp/ggml/src/ggml-cuda/template-instances/../fattn-tile.cuh:504:29: warning: remainder by zero is undefined [-Wdivision-by-zero]
  504 |             const int j = b % nb;
      |                             ^ ~~
[ 27%] Generate vulkan shaders for roll.comp
[ 28%] Building HIP object ggml/src/ggml-hip/CMakeFiles/ggml-hip.dir/__/ggml-cuda/template-instances/fattn-tile-instance-dkq80-dv80.cu.o
[ 28%] Building HIP object ggml/src/ggml-hip/CMakeFiles/ggml-hip.dir/__/ggml-cuda/template-instances/fattn-tile-instance-dkq96-dv96.cu.o
[ 28%] Building HIP object ggml/src/ggml-hip/CMakeFiles/ggml-hip.dir/__/ggml-cuda/template-instances/fattn-mma-f16-instance-ncols1_1-ncols2_16.cu.o
[ 28%] Generate vulkan shaders for rope_multi.comp
[ 28%] Generate vulkan shaders for rope_neox.comp
[ 28%] Generate vulkan shaders for rope_norm.comp
[ 28%] Generate vulkan shaders for rope_vision.comp
[ 28%] Generate vulkan shaders for scale.comp
[ 28%] Generate vulkan shaders for silu_back.comp
[ 28%] Generate vulkan shaders for snake.comp
[ 29%] Generate vulkan shaders for soft_max.comp
[ 29%] Generate vulkan shaders for soft_max_back.comp
[ 29%] Generate vulkan shaders for soft_max_large1.comp
[ 29%] Generate vulkan shaders for soft_max_large2.comp
[ 29%] Generate vulkan shaders for soft_max_large3.comp
[ 29%] Generate vulkan shaders for solve_tri.comp
[ 29%] Generate vulkan shaders for ssm_conv.comp
[ 29%] Generate vulkan shaders for ssm_scan.comp
[ 29%] Building HIP object ggml/src/ggml-hip/CMakeFiles/ggml-hip.dir/__/ggml-cuda/template-instances/fattn-mma-f16-instance-ncols1_1-ncols2_32.cu.o
[ 29%] Generate vulkan shaders for sub.comp
[ 29%] Generate vulkan shaders for sum_rows.comp
[ 30%] Generate vulkan shaders for swiglu.comp
[ 30%] Generate vulkan shaders for swiglu_clamp.comp
[ 30%] Building HIP object ggml/src/ggml-hip/CMakeFiles/ggml-hip.dir/__/ggml-cuda/template-instances/fattn-mma-f16-instance-ncols1_1-ncols2_8.cu.o
[ 30%] Generate vulkan shaders for swiglu_oai.comp
[ 30%] Generate vulkan shaders for timestep_embedding.comp
[ 30%] Generate vulkan shaders for topk_argsort.comp
[ 30%] Generate vulkan shaders for topk_moe.comp
[ 30%] Generate vulkan shaders for topk_nary_search.comp
[ 30%] Generate vulkan shaders for topk_radix_select.comp
[ 30%] Generate vulkan shaders for tri.comp
[ 31%] Generate vulkan shaders for unary.comp
[ 31%] Generate vulkan shaders for upscale.comp
[ 31%] Generate vulkan shaders for wkv6.comp
[ 31%] Building HIP object ggml/src/ggml-hip/CMakeFiles/ggml-hip.dir/__/ggml-cuda/template-instances/fattn-mma-f16-instance-ncols1_16-ncols2_1.cu.o
[ 31%] Building CXX object ggml/src/ggml-vulkan/CMakeFiles/ggml-vulkan.dir/ggml-vulkan.cpp.o
4 warnings generated when compiling for gfx906.
[ 31%] Building HIP object ggml/src/ggml-hip/CMakeFiles/ggml-hip.dir/__/ggml-cuda/template-instances/fattn-mma-f16-instance-ncols1_16-ncols2_2.cu.o
In file included from /home/srcds/dev/uf3_rocm6.1_llama.cpp/ggml/src/ggml-cuda/template-instances/fattn-tile-instance-dkq192-dv128.cu:3:
/home/srcds/dev/uf3_rocm6.1_llama.cpp/ggml/src/ggml-cuda/template-instances/../fattn-tile.cuh:503:29: warning: division by zero is undefined [-Wdivision-by-zero]
  503 |             const int i = b / nb;
      |                             ^ ~~
/home/srcds/dev/uf3_rocm6.1_llama.cpp/ggml/src/ggml-cuda/template-instances/../fattn-tile.cuh:604:9: note: in instantiation of function template specialization 'flash_attn_tile_load_tile_q8_0<32, 8, 32, 0, 4, false>' requested here
  604 |         flash_attn_tile_load_tile_q8_0<warp_size, nwarps, nbatch_fa, nbatch_K, cpy_ne, oob_check>
      |         ^
/home/srcds/dev/uf3_rocm6.1_llama.cpp/ggml/src/ggml-cuda/template-instances/../fattn-tile.cuh:811:9: note: in instantiation of function template specialization 'flash_attn_tile_iter_KQ<32, 8, 1, 16, 192, 32, 0, false, false, __half2, true>' requested here
  811 |         flash_attn_tile_iter_KQ<warp_size, nwarps, ncols1, ncols2, DKQ, nbatch_fa, nbatch_K_last, use_logit_softcap, oob_check, T_vec_dot, k_q8_0>(
      |         ^
/home/srcds/dev/uf3_rocm6.1_llama.cpp/ggml/src/ggml-cuda/template-instances/../fattn-tile.cuh:1199:13: note: in instantiation of function template specialization 'flash_attn_tile_iter<32, 8, 1, 16, 192, 128, 32, 64, false, false, true, true, __half2, __half, __half2>' requested here
 1199 |             flash_attn_tile_iter<warp_size, nwarps, ncols1, ncols2, DKQ, DV, nbatch_fa, nbatch_K, use_logit_softcap, oob_check, k_q8_0, v_q8_0>
      |             ^
/home/srcds/dev/uf3_rocm6.1_llama.cpp/ggml/src/ggml-cuda/template-instances/../fattn-tile.cuh:1432:47: note: in instantiation of function template specialization 'flash_attn_tile<192, 128, 1, 16, false, true, true>' requested here
 1432 |                 fattn_kernel_t fattn_kernel = flash_attn_tile<DKQ, DV, cols_per_block/ncols2, ncols2, use_logit_softcap, true, true>;
      |                                               ^
/home/srcds/dev/uf3_rocm6.1_llama.cpp/ggml/src/ggml-cuda/template-instances/../fattn-tile.cuh:1478:28: note: in instantiation of function template specialization 'launch_fattn_tile_vega_native<192, 128, 16, false, 16>' requested here
 1478 |                 launched = launch_fattn_tile_vega_native<DKQ, DV, ncols2, use_logit_softcap, 16>(ctx, dst);
      |                            ^
/home/srcds/dev/uf3_rocm6.1_llama.cpp/ggml/src/ggml-cuda/template-instances/../fattn-tile.cuh:1626:13: note: in instantiation of function template specialization 'launch_fattn_tile_switch_ncols1<192, 128, 16, false>' requested here
 1626 |             launch_fattn_tile_switch_ncols1<DKQ, DV, 16, use_logit_softcap>(ctx, dst);
      |             ^
/home/srcds/dev/uf3_rocm6.1_llama.cpp/ggml/src/ggml-cuda/template-instances/../fattn-tile.cuh:1669:9: note: in instantiation of function template specialization 'launch_fattn_tile_switch_ncols2<192, 128, false>' requested here
 1669 |         launch_fattn_tile_switch_ncols2<DKQ, DV, use_logit_softcap>(ctx, dst);
      |         ^
/home/srcds/dev/uf3_rocm6.1_llama.cpp/ggml/src/ggml-cuda/template-instances/../fattn-tile.cuh:504:29: warning: remainder by zero is undefined [-Wdivision-by-zero]
  504 |             const int j = b % nb;
      |                             ^ ~~
/home/srcds/dev/uf3_rocm6.1_llama.cpp/ggml/src/ggml-cuda/template-instances/../fattn-tile.cuh:503:29: warning: division by zero is undefined [-Wdivision-by-zero]
  503 |             const int i = b / nb;
      |                             ^ ~~
/home/srcds/dev/uf3_rocm6.1_llama.cpp/ggml/src/ggml-cuda/template-instances/../fattn-tile.cuh:604:9: note: in instantiation of function template specialization 'flash_attn_tile_load_tile_q8_0<32, 8, 32, 0, 4, true>' requested here
  604 |         flash_attn_tile_load_tile_q8_0<warp_size, nwarps, nbatch_fa, nbatch_K, cpy_ne, oob_check>
      |         ^
/home/srcds/dev/uf3_rocm6.1_llama.cpp/ggml/src/ggml-cuda/template-instances/../fattn-tile.cuh:811:9: note: in instantiation of function template specialization 'flash_attn_tile_iter_KQ<32, 8, 1, 16, 192, 32, 0, false, true, __half2, true>' requested here
  811 |         flash_attn_tile_iter_KQ<warp_size, nwarps, ncols1, ncols2, DKQ, nbatch_fa, nbatch_K_last, use_logit_softcap, oob_check, T_vec_dot, k_q8_0>(
      |         ^
/home/srcds/dev/uf3_rocm6.1_llama.cpp/ggml/src/ggml-cuda/template-instances/../fattn-tile.cuh:1212:13: note: in instantiation of function template specialization 'flash_attn_tile_iter<32, 8, 1, 16, 192, 128, 32, 64, false, true, true, true, __half2, __half, __half2>' requested here
 1212 |             flash_attn_tile_iter<warp_size, nwarps, ncols1, ncols2, DKQ, DV, nbatch_fa, nbatch_K, use_logit_softcap, oob_check, k_q8_0, v_q8_0>
      |             ^
/home/srcds/dev/uf3_rocm6.1_llama.cpp/ggml/src/ggml-cuda/template-instances/../fattn-tile.cuh:1432:47: note: in instantiation of function template specialization 'flash_attn_tile<192, 128, 1, 16, false, true, true>' requested here
 1432 |                 fattn_kernel_t fattn_kernel = flash_attn_tile<DKQ, DV, cols_per_block/ncols2, ncols2, use_logit_softcap, true, true>;
      |                                               ^
/home/srcds/dev/uf3_rocm6.1_llama.cpp/ggml/src/ggml-cuda/template-instances/../fattn-tile.cuh:1478:28: note: in instantiation of function template specialization 'launch_fattn_tile_vega_native<192, 128, 16, false, 16>' requested here
 1478 |                 launched = launch_fattn_tile_vega_native<DKQ, DV, ncols2, use_logit_softcap, 16>(ctx, dst);
      |                            ^
/home/srcds/dev/uf3_rocm6.1_llama.cpp/ggml/src/ggml-cuda/template-instances/../fattn-tile.cuh:1626:13: note: in instantiation of function template specialization 'launch_fattn_tile_switch_ncols1<192, 128, 16, false>' requested here
 1626 |             launch_fattn_tile_switch_ncols1<DKQ, DV, 16, use_logit_softcap>(ctx, dst);
      |             ^
/home/srcds/dev/uf3_rocm6.1_llama.cpp/ggml/src/ggml-cuda/template-instances/../fattn-tile.cuh:1669:9: note: in instantiation of function template specialization 'launch_fattn_tile_switch_ncols2<192, 128, false>' requested here
 1669 |         launch_fattn_tile_switch_ncols2<DKQ, DV, use_logit_softcap>(ctx, dst);
      |         ^
/home/srcds/dev/uf3_rocm6.1_llama.cpp/ggml/src/ggml-cuda/template-instances/../fattn-tile.cuh:504:29: warning: remainder by zero is undefined [-Wdivision-by-zero]
  504 |             const int j = b % nb;
      |                             ^ ~~
4 warnings generated when compiling for host.
[ 31%] Building CXX object ggml/src/ggml-vulkan/CMakeFiles/ggml-vulkan.dir/ggml-vulkan-buffers.cpp.o
/home/srcds/dev/uf3_rocm6.1_llama.cpp/ggml/src/ggml-vulkan/ggml-vulkan.cpp:7987:6: warning: no previous declaration for ‘void ggml_vk_flash_attn(ggml_backend_vk_context*, vk_context&, const ggml_tensor*, const ggml_tensor*, const ggml_tensor*, const ggml_tensor*, const ggml_tensor*, const ggml_tensor*, ggml_tensor*)’ [-Wmissing-declarations]
 7987 | void ggml_vk_flash_attn(ggml_backend_vk_context * ctx, vk_context& subctx, const ggml_tensor * q, const ggml_tensor * k, const ggml_tensor * v, const ggml_tensor * mask, const ggml_tensor * sinks, const ggml_tensor * nvis, ggml_tensor * dst) {
      |      ^~~~~~~~~~~~~~~~~~
[ 31%] Building CXX object ggml/src/ggml-vulkan/CMakeFiles/ggml-vulkan.dir/ggml-vulkan-debug.cpp.o
[ 31%] Building HIP object ggml/src/ggml-hip/CMakeFiles/ggml-hip.dir/__/ggml-cuda/template-instances/fattn-mma-f16-instance-ncols1_16-ncols2_4.cu.o
[ 31%] Building HIP object ggml/src/ggml-hip/CMakeFiles/ggml-hip.dir/__/ggml-cuda/template-instances/fattn-mma-f16-instance-ncols1_2-ncols2_16.cu.o
[ 31%] Building HIP object ggml/src/ggml-hip/CMakeFiles/ggml-hip.dir/__/ggml-cuda/template-instances/fattn-mma-f16-instance-ncols1_2-ncols2_32.cu.o
[ 31%] Building CXX object ggml/src/ggml-vulkan/CMakeFiles/ggml-vulkan.dir/acc.comp.cpp.o
[ 31%] Building CXX object ggml/src/ggml-vulkan/CMakeFiles/ggml-vulkan.dir/add.comp.cpp.o
[ 32%] Building HIP object ggml/src/ggml-hip/CMakeFiles/ggml-hip.dir/__/ggml-cuda/template-instances/fattn-mma-f16-instance-ncols1_2-ncols2_4.cu.o
[ 32%] Building HIP object ggml/src/ggml-hip/CMakeFiles/ggml-hip.dir/__/ggml-cuda/template-instances/fattn-mma-f16-instance-ncols1_2-ncols2_8.cu.o
[ 32%] Building HIP object ggml/src/ggml-hip/CMakeFiles/ggml-hip.dir/__/ggml-cuda/template-instances/fattn-mma-f16-instance-ncols1_32-ncols2_1.cu.o
[ 33%] Building CXX object ggml/src/ggml-vulkan/CMakeFiles/ggml-vulkan.dir/add1.comp.cpp.o
[ 33%] Building HIP object ggml/src/ggml-hip/CMakeFiles/ggml-hip.dir/__/ggml-cuda/template-instances/fattn-mma-f16-instance-ncols1_32-ncols2_2.cu.o
[ 33%] Building CXX object ggml/src/ggml-vulkan/CMakeFiles/ggml-vulkan.dir/add_id.comp.cpp.o
[ 33%] Building CXX object ggml/src/ggml-vulkan/CMakeFiles/ggml-vulkan.dir/arange.comp.cpp.o
[ 33%] Building CXX object ggml/src/ggml-vulkan/CMakeFiles/ggml-vulkan.dir/argmax.comp.cpp.o
[ 33%] Building CXX object ggml/src/ggml-vulkan/CMakeFiles/ggml-vulkan.dir/argsort.comp.cpp.o
[ 33%] Building HIP object ggml/src/ggml-hip/CMakeFiles/ggml-hip.dir/__/ggml-cuda/template-instances/fattn-mma-f16-instance-ncols1_4-ncols2_16.cu.o
[ 33%] Building HIP object ggml/src/ggml-hip/CMakeFiles/ggml-hip.dir/__/ggml-cuda/template-instances/fattn-mma-f16-instance-ncols1_4-ncols2_2.cu.o
[ 33%] Building HIP object ggml/src/ggml-hip/CMakeFiles/ggml-hip.dir/__/ggml-cuda/template-instances/fattn-mma-f16-instance-ncols1_4-ncols2_4.cu.o
[ 33%] Building HIP object ggml/src/ggml-hip/CMakeFiles/ggml-hip.dir/__/ggml-cuda/template-instances/fattn-mma-f16-instance-ncols1_4-ncols2_8.cu.o
[ 33%] Building CXX object ggml/src/ggml-vulkan/CMakeFiles/ggml-vulkan.dir/argsort_large.comp.cpp.o
[ 33%] Building CXX object ggml/src/ggml-vulkan/CMakeFiles/ggml-vulkan.dir/col2im_1d.comp.cpp.o
[ 33%] Building CXX object ggml/src/ggml-vulkan/CMakeFiles/ggml-vulkan.dir/concat.comp.cpp.o
[ 33%] Building HIP object ggml/src/ggml-hip/CMakeFiles/ggml-hip.dir/__/ggml-cuda/template-instances/fattn-mma-f16-instance-ncols1_64-ncols2_1.cu.o
[ 34%] Building HIP object ggml/src/ggml-hip/CMakeFiles/ggml-hip.dir/__/ggml-cuda/template-instances/fattn-mma-f16-instance-ncols1_8-ncols2_1.cu.o
[ 34%] Building CXX object ggml/src/ggml-vulkan/CMakeFiles/ggml-vulkan.dir/contig_copy.comp.cpp.o
[ 34%] Building CXX object ggml/src/ggml-vulkan/CMakeFiles/ggml-vulkan.dir/conv2d_dw.comp.cpp.o
[ 35%] Building CXX object ggml/src/ggml-vulkan/CMakeFiles/ggml-vulkan.dir/conv2d_mm.comp.cpp.o
[ 35%] Building HIP object ggml/src/ggml-hip/CMakeFiles/ggml-hip.dir/__/ggml-cuda/template-instances/fattn-mma-f16-instance-ncols1_8-ncols2_2.cu.o
[ 35%] Building HIP object ggml/src/ggml-hip/CMakeFiles/ggml-hip.dir/__/ggml-cuda/template-instances/fattn-mma-f16-instance-ncols1_8-ncols2_4.cu.o
[ 35%] Building CXX object ggml/src/ggml-vulkan/CMakeFiles/ggml-vulkan.dir/conv3d_mm.comp.cpp.o
[ 35%] Building CXX object ggml/src/ggml-vulkan/CMakeFiles/ggml-vulkan.dir/conv_transpose_1d.comp.cpp.o
[ 35%] Building HIP object ggml/src/ggml-hip/CMakeFiles/ggml-hip.dir/__/ggml-cuda/template-instances/fattn-mma-f16-instance-ncols1_8-ncols2_8.cu.o
[ 35%] Building HIP object ggml/src/ggml-hip/CMakeFiles/ggml-hip.dir/__/ggml-cuda/template-instances/mmq-instance-iq1_s.cu.o
[ 35%] Building HIP object ggml/src/ggml-hip/CMakeFiles/ggml-hip.dir/__/ggml-cuda/template-instances/mmq-instance-iq2_s.cu.o
[ 35%] Building CXX object ggml/src/ggml-vulkan/CMakeFiles/ggml-vulkan.dir/copy.comp.cpp.o
[ 35%] Building CXX object ggml/src/ggml-vulkan/CMakeFiles/ggml-vulkan.dir/copy_from_quant.comp.cpp.o
[ 35%] Building HIP object ggml/src/ggml-hip/CMakeFiles/ggml-hip.dir/__/ggml-cuda/template-instances/mmq-instance-iq2_xs.cu.o
[ 35%] Building CXX object ggml/src/ggml-vulkan/CMakeFiles/ggml-vulkan.dir/copy_to_quant.comp.cpp.o
[ 35%] Building CXX object ggml/src/ggml-vulkan/CMakeFiles/ggml-vulkan.dir/copy_transpose.comp.cpp.o
[ 35%] Building CXX object ggml/src/ggml-vulkan/CMakeFiles/ggml-vulkan.dir/copy_transpose_02.comp.cpp.o
[ 35%] Building CXX object ggml/src/ggml-vulkan/CMakeFiles/ggml-vulkan.dir/count_equal.comp.cpp.o
[ 36%] Building CXX object ggml/src/ggml-vulkan/CMakeFiles/ggml-vulkan.dir/count_experts.comp.cpp.o
[ 36%] Building CXX object ggml/src/ggml-vulkan/CMakeFiles/ggml-vulkan.dir/cross_entropy_loss.comp.cpp.o
[ 36%] Building CXX object ggml/src/ggml-vulkan/CMakeFiles/ggml-vulkan.dir/cross_entropy_loss_back.comp.cpp.o
[ 36%] Building HIP object ggml/src/ggml-hip/CMakeFiles/ggml-hip.dir/__/ggml-cuda/template-instances/mmq-instance-iq2_xxs.cu.o
[ 36%] Building HIP object ggml/src/ggml-hip/CMakeFiles/ggml-hip.dir/__/ggml-cuda/template-instances/mmq-instance-iq3_s.cu.o
[ 37%] Building HIP object ggml/src/ggml-hip/CMakeFiles/ggml-hip.dir/__/ggml-cuda/template-instances/mmq-instance-iq3_xxs.cu.o
[ 37%] Building CXX object ggml/src/ggml-vulkan/CMakeFiles/ggml-vulkan.dir/cumsum.comp.cpp.o
[ 37%] Building CXX object ggml/src/ggml-vulkan/CMakeFiles/ggml-vulkan.dir/cumsum_multipass1.comp.cpp.o
[ 37%] Building CXX object ggml/src/ggml-vulkan/CMakeFiles/ggml-vulkan.dir/cumsum_multipass2.comp.cpp.o
[ 37%] Building HIP object ggml/src/ggml-hip/CMakeFiles/ggml-hip.dir/__/ggml-cuda/template-instances/mmq-instance-iq4_nl.cu.o
[ 37%] Building HIP object ggml/src/ggml-hip/CMakeFiles/ggml-hip.dir/__/ggml-cuda/template-instances/mmq-instance-iq4_xs.cu.o
[ 37%] Building CXX object ggml/src/ggml-vulkan/CMakeFiles/ggml-vulkan.dir/dequant_f32.comp.cpp.o
[ 37%] Building HIP object ggml/src/ggml-hip/CMakeFiles/ggml-hip.dir/__/ggml-cuda/template-instances/mmq-instance-mxfp4.cu.o
8 warnings generated when compiling for gfx906.
In file included from /home/srcds/dev/uf3_rocm6.1_llama.cpp/ggml/src/ggml-cuda/template-instances/fattn-tile-instance-dkq64-dv64.cu:3:
/home/srcds/dev/uf3_rocm6.1_llama.cpp/ggml/src/ggml-cuda/template-instances/../fattn-tile.cuh:503:29: warning: division by zero is undefined [-Wdivision-by-zero]
  503 |             const int i = b / nb;
      |                             ^ ~~
/home/srcds/dev/uf3_rocm6.1_llama.cpp/ggml/src/ggml-cuda/template-instances/../fattn-tile.cuh:604:9: note: in instantiation of function template specialization 'flash_attn_tile_load_tile_q8_0<32, 8, 128, 0, 4, false>' requested here
  604 |         flash_attn_tile_load_tile_q8_0<warp_size, nwarps, nbatch_fa, nbatch_K, cpy_ne, oob_check>
      |         ^
/home/srcds/dev/uf3_rocm6.1_llama.cpp/ggml/src/ggml-cuda/template-instances/../fattn-tile.cuh:811:9: note: in instantiation of function template specialization 'flash_attn_tile_iter_KQ<32, 8, 2, 8, 64, 128, 0, false, false, __half2, true>' requested here
  811 |         flash_attn_tile_iter_KQ<warp_size, nwarps, ncols1, ncols2, DKQ, nbatch_fa, nbatch_K_last, use_logit_softcap, oob_check, T_vec_dot, k_q8_0>(
      |         ^
/home/srcds/dev/uf3_rocm6.1_llama.cpp/ggml/src/ggml-cuda/template-instances/../fattn-tile.cuh:1199:13: note: in instantiation of function template specialization 'flash_attn_tile_iter<32, 8, 2, 8, 64, 64, 128, 64, false, false, true, true, __half2, __half, __half2>' requested here
 1199 |             flash_attn_tile_iter<warp_size, nwarps, ncols1, ncols2, DKQ, DV, nbatch_fa, nbatch_K, use_logit_softcap, oob_check, k_q8_0, v_q8_0>
      |             ^
/home/srcds/dev/uf3_rocm6.1_llama.cpp/ggml/src/ggml-cuda/template-instances/../fattn-tile.cuh:1432:47: note: in instantiation of function template specialization 'flash_attn_tile<64, 64, 2, 8, false, true, true>' requested here
 1432 |                 fattn_kernel_t fattn_kernel = flash_attn_tile<DKQ, DV, cols_per_block/ncols2, ncols2, use_logit_softcap, true, true>;
      |                                               ^
/home/srcds/dev/uf3_rocm6.1_llama.cpp/ggml/src/ggml-cuda/template-instances/../fattn-tile.cuh:1478:28: note: in instantiation of function template specialization 'launch_fattn_tile_vega_native<64, 64, 8, false, 16>' requested here
 1478 |                 launched = launch_fattn_tile_vega_native<DKQ, DV, ncols2, use_logit_softcap, 16>(ctx, dst);
      |                            ^
/home/srcds/dev/uf3_rocm6.1_llama.cpp/ggml/src/ggml-cuda/template-instances/../fattn-tile.cuh:1638:13: note: in instantiation of function template specialization 'launch_fattn_tile_switch_ncols1<64, 64, 8, false>' requested here
 1638 |             launch_fattn_tile_switch_ncols1<DKQ, DV, 8, use_logit_softcap>(ctx, dst);
      |             ^
/home/srcds/dev/uf3_rocm6.1_llama.cpp/ggml/src/ggml-cuda/template-instances/../fattn-tile.cuh:1669:9: note: in instantiation of function template specialization 'launch_fattn_tile_switch_ncols2<64, 64, false>' requested here
 1669 |         launch_fattn_tile_switch_ncols2<DKQ, DV, use_logit_softcap>(ctx, dst);
      |         ^
/home/srcds/dev/uf3_rocm6.1_llama.cpp/ggml/src/ggml-cuda/template-instances/../fattn-tile.cuh:504:29: warning: remainder by zero is undefined [-Wdivision-by-zero]
  504 |             const int j = b % nb;
      |                             ^ ~~
/home/srcds/dev/uf3_rocm6.1_llama.cpp/ggml/src/ggml-cuda/template-instances/../fattn-tile.cuh:503:29: warning: division by zero is undefined [-Wdivision-by-zero]
  503 |             const int i = b / nb;
      |                             ^ ~~
/home/srcds/dev/uf3_rocm6.1_llama.cpp/ggml/src/ggml-cuda/template-instances/../fattn-tile.cuh:604:9: note: in instantiation of function template specialization 'flash_attn_tile_load_tile_q8_0<32, 8, 128, 0, 4, true>' requested here
  604 |         flash_attn_tile_load_tile_q8_0<warp_size, nwarps, nbatch_fa, nbatch_K, cpy_ne, oob_check>
      |         ^
/home/srcds/dev/uf3_rocm6.1_llama.cpp/ggml/src/ggml-cuda/template-instances/../fattn-tile.cuh:811:9: note: in instantiation of function template specialization 'flash_attn_tile_iter_KQ<32, 8, 2, 8, 64, 128, 0, false, true, __half2, true>' requested here
  811 |         flash_attn_tile_iter_KQ<warp_size, nwarps, ncols1, ncols2, DKQ, nbatch_fa, nbatch_K_last, use_logit_softcap, oob_check, T_vec_dot, k_q8_0>(
      |         ^
/home/srcds/dev/uf3_rocm6.1_llama.cpp/ggml/src/ggml-cuda/template-instances/../fattn-tile.cuh:1212:13: note: in instantiation of function template specialization 'flash_attn_tile_iter<32, 8, 2, 8, 64, 64, 128, 64, false, true, true, true, __half2, __half, __half2>' requested here
 1212 |             flash_attn_tile_iter<warp_size, nwarps, ncols1, ncols2, DKQ, DV, nbatch_fa, nbatch_K, use_logit_softcap, oob_check, k_q8_0, v_q8_0>
      |             ^
/home/srcds/dev/uf3_rocm6.1_llama.cpp/ggml/src/ggml-cuda/template-instances/../fattn-tile.cuh:1432:47: note: in instantiation of function template specialization 'flash_attn_tile<64, 64, 2, 8, false, true, true>' requested here
 1432 |                 fattn_kernel_t fattn_kernel = flash_attn_tile<DKQ, DV, cols_per_block/ncols2, ncols2, use_logit_softcap, true, true>;
      |                                               ^
/home/srcds/dev/uf3_rocm6.1_llama.cpp/ggml/src/ggml-cuda/template-instances/../fattn-tile.cuh:1478:28: note: in instantiation of function template specialization 'launch_fattn_tile_vega_native<64, 64, 8, false, 16>' requested here
 1478 |                 launched = launch_fattn_tile_vega_native<DKQ, DV, ncols2, use_logit_softcap, 16>(ctx, dst);
      |                            ^
/home/srcds/dev/uf3_rocm6.1_llama.cpp/ggml/src/ggml-cuda/template-instances/../fattn-tile.cuh:1638:13: note: in instantiation of function template specialization 'launch_fattn_tile_switch_ncols1<64, 64, 8, false>' requested here
 1638 |             launch_fattn_tile_switch_ncols1<DKQ, DV, 8, use_logit_softcap>(ctx, dst);
      |             ^
/home/srcds/dev/uf3_rocm6.1_llama.cpp/ggml/src/ggml-cuda/template-instances/../fattn-tile.cuh:1669:9: note: in instantiation of function template specialization 'launch_fattn_tile_switch_ncols2<64, 64, false>' requested here
 1669 |         launch_fattn_tile_switch_ncols2<DKQ, DV, use_logit_softcap>(ctx, dst);
      |         ^
/home/srcds/dev/uf3_rocm6.1_llama.cpp/ggml/src/ggml-cuda/template-instances/../fattn-tile.cuh:504:29: warning: remainder by zero is undefined [-Wdivision-by-zero]
  504 |             const int j = b % nb;
      |                             ^ ~~
/home/srcds/dev/uf3_rocm6.1_llama.cpp/ggml/src/ggml-cuda/template-instances/../fattn-tile.cuh:503:29: warning: division by zero is undefined [-Wdivision-by-zero]
  503 |             const int i = b / nb;
      |                             ^ ~~
/home/srcds/dev/uf3_rocm6.1_llama.cpp/ggml/src/ggml-cuda/template-instances/../fattn-tile.cuh:604:9: note: in instantiation of function template specialization 'flash_attn_tile_load_tile_q8_0<32, 8, 64, 0, 4, false>' requested here
  604 |         flash_attn_tile_load_tile_q8_0<warp_size, nwarps, nbatch_fa, nbatch_K, cpy_ne, oob_check>
      |         ^
/home/srcds/dev/uf3_rocm6.1_llama.cpp/ggml/src/ggml-cuda/template-instances/../fattn-tile.cuh:811:9: note: in instantiation of function template specialization 'flash_attn_tile_iter_KQ<32, 8, 8, 8, 64, 64, 0, false, false, __half2, true>' requested here
  811 |         flash_attn_tile_iter_KQ<warp_size, nwarps, ncols1, ncols2, DKQ, nbatch_fa, nbatch_K_last, use_logit_softcap, oob_check, T_vec_dot, k_q8_0>(
      |         ^
/home/srcds/dev/uf3_rocm6.1_llama.cpp/ggml/src/ggml-cuda/template-instances/../fattn-tile.cuh:1199:13: note: in instantiation of function template specialization 'flash_attn_tile_iter<32, 8, 8, 8, 64, 64, 64, 64, false, false, true, true, __half2, __half, __half2>' requested here
 1199 |             flash_attn_tile_iter<warp_size, nwarps, ncols1, ncols2, DKQ, DV, nbatch_fa, nbatch_K, use_logit_softcap, oob_check, k_q8_0, v_q8_0>
      |             ^
/home/srcds/dev/uf3_rocm6.1_llama.cpp/ggml/src/ggml-cuda/template-instances/../fattn-tile.cuh:1432:47: note: in instantiation of function template specialization 'flash_attn_tile<64, 64, 8, 8, false, true, true>' requested here
 1432 |                 fattn_kernel_t fattn_kernel = flash_attn_tile<DKQ, DV, cols_per_block/ncols2, ncols2, use_logit_softcap, true, true>;
      |                                               ^
/home/srcds/dev/uf3_rocm6.1_llama.cpp/ggml/src/ggml-cuda/template-instances/../fattn-tile.cuh:1481:28: note: in instantiation of function template specialization 'launch_fattn_tile_vega_native<64, 64, 8, false, 64>' requested here
 1481 |                 launched = launch_fattn_tile_vega_native<DKQ, DV, ncols2, use_logit_softcap, cols_per_block>(ctx, dst);
      |                            ^
/home/srcds/dev/uf3_rocm6.1_llama.cpp/ggml/src/ggml-cuda/template-instances/../fattn-tile.cuh:1638:13: note: in instantiation of function template specialization 'launch_fattn_tile_switch_ncols1<64, 64, 8, false>' requested here
 1638 |             launch_fattn_tile_switch_ncols1<DKQ, DV, 8, use_logit_softcap>(ctx, dst);
      |             ^
/home/srcds/dev/uf3_rocm6.1_llama.cpp/ggml/src/ggml-cuda/template-instances/../fattn-tile.cuh:1669:9: note: in instantiation of function template specialization 'launch_fattn_tile_switch_ncols2<64, 64, false>' requested here
 1669 |         launch_fattn_tile_switch_ncols2<DKQ, DV, use_logit_softcap>(ctx, dst);
      |         ^
/home/srcds/dev/uf3_rocm6.1_llama.cpp/ggml/src/ggml-cuda/template-instances/../fattn-tile.cuh:504:29: warning: remainder by zero is undefined [-Wdivision-by-zero]
  504 |             const int j = b % nb;
      |                             ^ ~~
/home/srcds/dev/uf3_rocm6.1_llama.cpp/ggml/src/ggml-cuda/template-instances/../fattn-tile.cuh:503:29: warning: division by zero is undefined [-Wdivision-by-zero]
  503 |             const int i = b / nb;
      |                             ^ ~~
/home/srcds/dev/uf3_rocm6.1_llama.cpp/ggml/src/ggml-cuda/template-instances/../fattn-tile.cuh:604:9: note: in instantiation of function template specialization 'flash_attn_tile_load_tile_q8_0<32, 8, 64, 0, 4, true>' requested here
  604 |         flash_attn_tile_load_tile_q8_0<warp_size, nwarps, nbatch_fa, nbatch_K, cpy_ne, oob_check>
      |         ^
/home/srcds/dev/uf3_rocm6.1_llama.cpp/ggml/src/ggml-cuda/template-instances/../fattn-tile.cuh:811:9: note: in instantiation of function template specialization 'flash_attn_tile_iter_KQ<32, 8, 8, 8, 64, 64, 0, false, true, __half2, true>' requested here
  811 |         flash_attn_tile_iter_KQ<warp_size, nwarps, ncols1, ncols2, DKQ, nbatch_fa, nbatch_K_last, use_logit_softcap, oob_check, T_vec_dot, k_q8_0>(
      |         ^
/home/srcds/dev/uf3_rocm6.1_llama.cpp/ggml/src/ggml-cuda/template-instances/../fattn-tile.cuh:1212:13: note: in instantiation of function template specialization 'flash_attn_tile_iter<32, 8, 8, 8, 64, 64, 64, 64, false, true, true, true, __half2, __half, __half2>' requested here
 1212 |             flash_attn_tile_iter<warp_size, nwarps, ncols1, ncols2, DKQ, DV, nbatch_fa, nbatch_K, use_logit_softcap, oob_check, k_q8_0, v_q8_0>
      |             ^
/home/srcds/dev/uf3_rocm6.1_llama.cpp/ggml/src/ggml-cuda/template-instances/../fattn-tile.cuh:1432:47: note: in instantiation of function template specialization 'flash_attn_tile<64, 64, 8, 8, false, true, true>' requested here
 1432 |                 fattn_kernel_t fattn_kernel = flash_attn_tile<DKQ, DV, cols_per_block/ncols2, ncols2, use_logit_softcap, true, true>;
      |                                               ^
/home/srcds/dev/uf3_rocm6.1_llama.cpp/ggml/src/ggml-cuda/template-instances/../fattn-tile.cuh:1481:28: note: in instantiation of function template specialization 'launch_fattn_tile_vega_native<64, 64, 8, false, 64>' requested here
 1481 |                 launched = launch_fattn_tile_vega_native<DKQ, DV, ncols2, use_logit_softcap, cols_per_block>(ctx, dst);
      |                            ^
/home/srcds/dev/uf3_rocm6.1_llama.cpp/ggml/src/ggml-cuda/template-instances/../fattn-tile.cuh:1638:13: note: in instantiation of function template specialization 'launch_fattn_tile_switch_ncols1<64, 64, 8, false>' requested here
 1638 |             launch_fattn_tile_switch_ncols1<DKQ, DV, 8, use_logit_softcap>(ctx, dst);
      |             ^
/home/srcds/dev/uf3_rocm6.1_llama.cpp/ggml/src/ggml-cuda/template-instances/../fattn-tile.cuh:1669:9: note: in instantiation of function template specialization 'launch_fattn_tile_switch_ncols2<64, 64, false>' requested here
 1669 |         launch_fattn_tile_switch_ncols2<DKQ, DV, use_logit_softcap>(ctx, dst);
      |         ^
/home/srcds/dev/uf3_rocm6.1_llama.cpp/ggml/src/ggml-cuda/template-instances/../fattn-tile.cuh:504:29: warning: remainder by zero is undefined [-Wdivision-by-zero]
  504 |             const int j = b % nb;
      |                             ^ ~~
[ 37%] Building HIP object ggml/src/ggml-hip/CMakeFiles/ggml-hip.dir/__/ggml-cuda/template-instances/mmq-instance-nvfp4.cu.o
[ 37%] Building CXX object ggml/src/ggml-vulkan/CMakeFiles/ggml-vulkan.dir/dequant_iq1_m.comp.cpp.o
[ 37%] Building CXX object ggml/src/ggml-vulkan/CMakeFiles/ggml-vulkan.dir/dequant_iq1_s.comp.cpp.o
[ 37%] Building CXX object ggml/src/ggml-vulkan/CMakeFiles/ggml-vulkan.dir/dequant_iq2_s.comp.cpp.o
[ 37%] Building HIP object ggml/src/ggml-hip/CMakeFiles/ggml-hip.dir/__/ggml-cuda/template-instances/mmq-instance-q1_0.cu.o
[ 38%] Building CXX object ggml/src/ggml-vulkan/CMakeFiles/ggml-vulkan.dir/dequant_iq2_xs.comp.cpp.o
[ 38%] Building CXX object ggml/src/ggml-vulkan/CMakeFiles/ggml-vulkan.dir/dequant_iq2_xxs.comp.cpp.o
[ 38%] Building CXX object ggml/src/ggml-vulkan/CMakeFiles/ggml-vulkan.dir/dequant_iq3_s.comp.cpp.o
[ 38%] Building HIP object ggml/src/ggml-hip/CMakeFiles/ggml-hip.dir/__/ggml-cuda/template-instances/mmq-instance-q2_0.cu.o
8 warnings generated when compiling for host.
[ 38%] Building CXX object ggml/src/ggml-vulkan/CMakeFiles/ggml-vulkan.dir/dequant_iq3_xxs.comp.cpp.o
[ 38%] Building HIP object ggml/src/ggml-hip/CMakeFiles/ggml-hip.dir/__/ggml-cuda/template-instances/mmq-instance-q2_k.cu.o
4 warnings generated when compiling for gfx906.
In file included from /home/srcds/dev/uf3_rocm6.1_llama.cpp/ggml/src/ggml-cuda/template-instances/fattn-tile-instance-dkq256-dv256.cu:3:
/home/srcds/dev/uf3_rocm6.1_llama.cpp/ggml/src/ggml-cuda/template-instances/../fattn-tile.cuh:503:29: warning: division by zero is undefined [-Wdivision-by-zero]
  503 |             const int i = b / nb;
      |                             ^ ~~
/home/srcds/dev/uf3_rocm6.1_llama.cpp/ggml/src/ggml-cuda/template-instances/../fattn-tile.cuh:604:9: note: in instantiation of function template specialization 'flash_attn_tile_load_tile_q8_0<32, 8, 32, 0, 4, false>' requested here
  604 |         flash_attn_tile_load_tile_q8_0<warp_size, nwarps, nbatch_fa, nbatch_K, cpy_ne, oob_check>
      |         ^
/home/srcds/dev/uf3_rocm6.1_llama.cpp/ggml/src/ggml-cuda/template-instances/../fattn-tile.cuh:811:9: note: in instantiation of function template specialization 'flash_attn_tile_iter_KQ<32, 8, 2, 8, 256, 32, 0, false, false, __half2, true>' requested here
  811 |         flash_attn_tile_iter_KQ<warp_size, nwarps, ncols1, ncols2, DKQ, nbatch_fa, nbatch_K_last, use_logit_softcap, oob_check, T_vec_dot, k_q8_0>(
      |         ^
/home/srcds/dev/uf3_rocm6.1_llama.cpp/ggml/src/ggml-cuda/template-instances/../fattn-tile.cuh:1199:13: note: in instantiation of function template specialization 'flash_attn_tile_iter<32, 8, 2, 8, 256, 256, 32, 128, false, false, true, true, __half2, __half, __half2>' requested here
 1199 |             flash_attn_tile_iter<warp_size, nwarps, ncols1, ncols2, DKQ, DV, nbatch_fa, nbatch_K, use_logit_softcap, oob_check, k_q8_0, v_q8_0>
      |             ^
/home/srcds/dev/uf3_rocm6.1_llama.cpp/ggml/src/ggml-cuda/template-instances/../fattn-tile.cuh:1432:47: note: in instantiation of function template specialization 'flash_attn_tile<256, 256, 2, 8, false, true, true>' requested here
 1432 |                 fattn_kernel_t fattn_kernel = flash_attn_tile<DKQ, DV, cols_per_block/ncols2, ncols2, use_logit_softcap, true, true>;
      |                                               ^
/home/srcds/dev/uf3_rocm6.1_llama.cpp/ggml/src/ggml-cuda/template-instances/../fattn-tile.cuh:1478:28: note: in instantiation of function template specialization 'launch_fattn_tile_vega_native<256, 256, 8, false, 16>' requested here
 1478 |                 launched = launch_fattn_tile_vega_native<DKQ, DV, ncols2, use_logit_softcap, 16>(ctx, dst);
      |                            ^
/home/srcds/dev/uf3_rocm6.1_llama.cpp/ggml/src/ggml-cuda/template-instances/../fattn-tile.cuh:1638:13: note: in instantiation of function template specialization 'launch_fattn_tile_switch_ncols1<256, 256, 8, false>' requested here
 1638 |             launch_fattn_tile_switch_ncols1<DKQ, DV, 8, use_logit_softcap>(ctx, dst);
      |             ^
/home/srcds/dev/uf3_rocm6.1_llama.cpp/ggml/src/ggml-cuda/template-instances/../fattn-tile.cuh:1669:9: note: in instantiation of function template specialization 'launch_fattn_tile_switch_ncols2<256, 256, false>' requested here
 1669 |         launch_fattn_tile_switch_ncols2<DKQ, DV, use_logit_softcap>(ctx, dst);
      |         ^
/home/srcds/dev/uf3_rocm6.1_llama.cpp/ggml/src/ggml-cuda/template-instances/../fattn-tile.cuh:504:29: warning: remainder by zero is undefined [-Wdivision-by-zero]
  504 |             const int j = b % nb;
      |                             ^ ~~
/home/srcds/dev/uf3_rocm6.1_llama.cpp/ggml/src/ggml-cuda/template-instances/../fattn-tile.cuh:503:29: warning: division by zero is undefined [-Wdivision-by-zero]
  503 |             const int i = b / nb;
      |                             ^ ~~
/home/srcds/dev/uf3_rocm6.1_llama.cpp/ggml/src/ggml-cuda/template-instances/../fattn-tile.cuh:604:9: note: in instantiation of function template specialization 'flash_attn_tile_load_tile_q8_0<32, 8, 32, 0, 4, true>' requested here
  604 |         flash_attn_tile_load_tile_q8_0<warp_size, nwarps, nbatch_fa, nbatch_K, cpy_ne, oob_check>
      |         ^
/home/srcds/dev/uf3_rocm6.1_llama.cpp/ggml/src/ggml-cuda/template-instances/../fattn-tile.cuh:811:9: note: in instantiation of function template specialization 'flash_attn_tile_iter_KQ<32, 8, 2, 8, 256, 32, 0, false, true, __half2, true>' requested here
  811 |         flash_attn_tile_iter_KQ<warp_size, nwarps, ncols1, ncols2, DKQ, nbatch_fa, nbatch_K_last, use_logit_softcap, oob_check, T_vec_dot, k_q8_0>(
      |         ^
/home/srcds/dev/uf3_rocm6.1_llama.cpp/ggml/src/ggml-cuda/template-instances/../fattn-tile.cuh:1212:13: note: in instantiation of function template specialization 'flash_attn_tile_iter<32, 8, 2, 8, 256, 256, 32, 128, false, true, true, true, __half2, __half, __half2>' requested here
 1212 |             flash_attn_tile_iter<warp_size, nwarps, ncols1, ncols2, DKQ, DV, nbatch_fa, nbatch_K, use_logit_softcap, oob_check, k_q8_0, v_q8_0>
      |             ^
/home/srcds/dev/uf3_rocm6.1_llama.cpp/ggml/src/ggml-cuda/template-instances/../fattn-tile.cuh:1432:47: note: in instantiation of function template specialization 'flash_attn_tile<256, 256, 2, 8, false, true, true>' requested here
 1432 |                 fattn_kernel_t fattn_kernel = flash_attn_tile<DKQ, DV, cols_per_block/ncols2, ncols2, use_logit_softcap, true, true>;
      |                                               ^
/home/srcds/dev/uf3_rocm6.1_llama.cpp/ggml/src/ggml-cuda/template-instances/../fattn-tile.cuh:1478:28: note: in instantiation of function template specialization 'launch_fattn_tile_vega_native<256, 256, 8, false, 16>' requested here
 1478 |                 launched = launch_fattn_tile_vega_native<DKQ, DV, ncols2, use_logit_softcap, 16>(ctx, dst);
      |                            ^
/home/srcds/dev/uf3_rocm6.1_llama.cpp/ggml/src/ggml-cuda/template-instances/../fattn-tile.cuh:1638:13: note: in instantiation of function template specialization 'launch_fattn_tile_switch_ncols1<256, 256, 8, false>' requested here
 1638 |             launch_fattn_tile_switch_ncols1<DKQ, DV, 8, use_logit_softcap>(ctx, dst);
      |             ^
/home/srcds/dev/uf3_rocm6.1_llama.cpp/ggml/src/ggml-cuda/template-instances/../fattn-tile.cuh:1669:9: note: in instantiation of function template specialization 'launch_fattn_tile_switch_ncols2<256, 256, false>' requested here
 1669 |         launch_fattn_tile_switch_ncols2<DKQ, DV, use_logit_softcap>(ctx, dst);
      |         ^
/home/srcds/dev/uf3_rocm6.1_llama.cpp/ggml/src/ggml-cuda/template-instances/../fattn-tile.cuh:504:29: warning: remainder by zero is undefined [-Wdivision-by-zero]
  504 |             const int j = b % nb;
      |                             ^ ~~
4 warnings generated when compiling for host.
[ 38%] Building CXX object ggml/src/ggml-vulkan/CMakeFiles/ggml-vulkan.dir/dequant_iq4_nl.comp.cpp.o
[ 38%] Building CXX object ggml/src/ggml-vulkan/CMakeFiles/ggml-vulkan.dir/dequant_iq4_xs.comp.cpp.o
[ 38%] Building CXX object ggml/src/ggml-vulkan/CMakeFiles/ggml-vulkan.dir/dequant_mxfp4.comp.cpp.o
[ 38%] Building HIP object ggml/src/ggml-hip/CMakeFiles/ggml-hip.dir/__/ggml-cuda/template-instances/mmq-instance-q3_k.cu.o
[ 38%] Building HIP object ggml/src/ggml-hip/CMakeFiles/ggml-hip.dir/__/ggml-cuda/template-instances/mmq-instance-q4_0.cu.o
[ 38%] Building CXX object ggml/src/ggml-vulkan/CMakeFiles/ggml-vulkan.dir/dequant_nvfp4.comp.cpp.o
[ 38%] Building CXX object ggml/src/ggml-vulkan/CMakeFiles/ggml-vulkan.dir/dequant_q1_0.comp.cpp.o
[ 39%] Building CXX object ggml/src/ggml-vulkan/CMakeFiles/ggml-vulkan.dir/dequant_q2_0.comp.cpp.o
[ 39%] Building CXX object ggml/src/ggml-vulkan/CMakeFiles/ggml-vulkan.dir/dequant_q2_k.comp.cpp.o
[ 40%] Building HIP object ggml/src/ggml-hip/CMakeFiles/ggml-hip.dir/__/ggml-cuda/template-instances/mmq-instance-q4_1.cu.o
[ 40%] Building HIP object ggml/src/ggml-hip/CMakeFiles/ggml-hip.dir/__/ggml-cuda/template-instances/mmq-instance-q4_k.cu.o
[ 40%] Building HIP object ggml/src/ggml-hip/CMakeFiles/ggml-hip.dir/__/ggml-cuda/template-instances/mmq-instance-q5_0.cu.o
[ 40%] Building HIP object ggml/src/ggml-hip/CMakeFiles/ggml-hip.dir/__/ggml-cuda/template-instances/mmq-instance-q5_1.cu.o
[ 40%] Building CXX object ggml/src/ggml-vulkan/CMakeFiles/ggml-vulkan.dir/dequant_q3_k.comp.cpp.o
[ 40%] Building CXX object ggml/src/ggml-vulkan/CMakeFiles/ggml-vulkan.dir/dequant_q4_0.comp.cpp.o
[ 40%] Building CXX object ggml/src/ggml-vulkan/CMakeFiles/ggml-vulkan.dir/dequant_q4_1.comp.cpp.o
[ 40%] Building CXX object ggml/src/ggml-vulkan/CMakeFiles/ggml-vulkan.dir/dequant_q4_k.comp.cpp.o
[ 40%] Building CXX object ggml/src/ggml-vulkan/CMakeFiles/ggml-vulkan.dir/dequant_q5_0.comp.cpp.o
[ 40%] Building HIP object ggml/src/ggml-hip/CMakeFiles/ggml-hip.dir/__/ggml-cuda/template-instances/mmq-instance-q5_k.cu.o
[ 40%] Building HIP object ggml/src/ggml-hip/CMakeFiles/ggml-hip.dir/__/ggml-cuda/template-instances/mmq-instance-q6_k.cu.o
[ 40%] Building HIP object ggml/src/ggml-hip/CMakeFiles/ggml-hip.dir/__/ggml-cuda/template-instances/mmq-instance-q8_0.cu.o
[ 40%] Building CXX object ggml/src/ggml-vulkan/CMakeFiles/ggml-vulkan.dir/dequant_q5_1.comp.cpp.o
[ 40%] Building CXX object ggml/src/ggml-vulkan/CMakeFiles/ggml-vulkan.dir/dequant_q5_k.comp.cpp.o
[ 40%] Building HIP object ggml/src/ggml-hip/CMakeFiles/ggml-hip.dir/__/ggml-cuda/template-instances/mmf-instance-ncols_1.cu.o
[ 41%] Building CXX object ggml/src/ggml-vulkan/CMakeFiles/ggml-vulkan.dir/dequant_q6_k.comp.cpp.o
[ 41%] Building CXX object ggml/src/ggml-vulkan/CMakeFiles/ggml-vulkan.dir/dequant_q8_0.comp.cpp.o
[ 41%] Building HIP object ggml/src/ggml-hip/CMakeFiles/ggml-hip.dir/__/ggml-cuda/template-instances/mmf-instance-ncols_10.cu.o
[ 42%] Building HIP object ggml/src/ggml-hip/CMakeFiles/ggml-hip.dir/__/ggml-cuda/template-instances/mmf-instance-ncols_11.cu.o
[ 42%] Building CXX object ggml/src/ggml-vulkan/CMakeFiles/ggml-vulkan.dir/dequant_tq1_0.comp.cpp.o
[ 42%] Building CXX object ggml/src/ggml-vulkan/CMakeFiles/ggml-vulkan.dir/dequant_tq2_0.comp.cpp.o
[ 42%] Building HIP object ggml/src/ggml-hip/CMakeFiles/ggml-hip.dir/__/ggml-cuda/template-instances/mmf-instance-ncols_12.cu.o
[ 42%] Building CXX object ggml/src/ggml-vulkan/CMakeFiles/ggml-vulkan.dir/diag.comp.cpp.o
[ 42%] Building CXX object ggml/src/ggml-vulkan/CMakeFiles/ggml-vulkan.dir/diag_mask_inf.comp.cpp.o
[ 42%] Building CXX object ggml/src/ggml-vulkan/CMakeFiles/ggml-vulkan.dir/div.comp.cpp.o
[ 42%] Building CXX object ggml/src/ggml-vulkan/CMakeFiles/ggml-vulkan.dir/dsv4_hc_comb.comp.cpp.o
[ 42%] Building CXX object ggml/src/ggml-vulkan/CMakeFiles/ggml-vulkan.dir/dsv4_hc_post.comp.cpp.o
[ 42%] Building CXX object ggml/src/ggml-vulkan/CMakeFiles/ggml-vulkan.dir/dsv4_hc_pre.comp.cpp.o
[ 43%] Building CXX object ggml/src/ggml-vulkan/CMakeFiles/ggml-vulkan.dir/fill.comp.cpp.o
[ 43%] Building CXX object ggml/src/ggml-vulkan/CMakeFiles/ggml-vulkan.dir/flash_attn.comp.cpp.o
[ 43%] Building CXX object ggml/src/ggml-vulkan/CMakeFiles/ggml-vulkan.dir/flash_attn_cm1.comp.cpp.o
[ 43%] Building CXX object ggml/src/ggml-vulkan/CMakeFiles/ggml-vulkan.dir/flash_attn_cm2.comp.cpp.o
[ 43%] Building CXX object ggml/src/ggml-vulkan/CMakeFiles/ggml-vulkan.dir/flash_attn_decode_phase_1.comp.cpp.o
[ 43%] Building CXX object ggml/src/ggml-vulkan/CMakeFiles/ggml-vulkan.dir/flash_attn_decode_phase_2.comp.cpp.o
[ 43%] Building CXX object ggml/src/ggml-vulkan/CMakeFiles/ggml-vulkan.dir/flash_attn_mask_opt.comp.cpp.o
[ 43%] Building CXX object ggml/src/ggml-vulkan/CMakeFiles/ggml-vulkan.dir/flash_attn_sparse_compact.comp.cpp.o
[ 43%] Building CXX object ggml/src/ggml-vulkan/CMakeFiles/ggml-vulkan.dir/flash_attn_split_k_reduce.comp.cpp.o
[ 44%] Building CXX object ggml/src/ggml-vulkan/CMakeFiles/ggml-vulkan.dir/fwht.comp.cpp.o
[ 44%] Building CXX object ggml/src/ggml-vulkan/CMakeFiles/ggml-vulkan.dir/gated_delta_net.comp.cpp.o
[ 44%] Building CXX object ggml/src/ggml-vulkan/CMakeFiles/ggml-vulkan.dir/geglu.comp.cpp.o
[ 44%] Building CXX object ggml/src/ggml-vulkan/CMakeFiles/ggml-vulkan.dir/geglu_erf.comp.cpp.o
[ 44%] Building CXX object ggml/src/ggml-vulkan/CMakeFiles/ggml-vulkan.dir/geglu_quick.comp.cpp.o
[ 44%] Building CXX object ggml/src/ggml-vulkan/CMakeFiles/ggml-vulkan.dir/get_rows.comp.cpp.o
[ 44%] Building CXX object ggml/src/ggml-vulkan/CMakeFiles/ggml-vulkan.dir/get_rows_back.comp.cpp.o
[ 44%] Building CXX object ggml/src/ggml-vulkan/CMakeFiles/ggml-vulkan.dir/get_rows_quant.comp.cpp.o
[ 44%] Building CXX object ggml/src/ggml-vulkan/CMakeFiles/ggml-vulkan.dir/gla.comp.cpp.o
[ 44%] Building CXX object ggml/src/ggml-vulkan/CMakeFiles/ggml-vulkan.dir/group_norm.comp.cpp.o
[ 45%] Building CXX object ggml/src/ggml-vulkan/CMakeFiles/ggml-vulkan.dir/im2col.comp.cpp.o
[ 45%] Building CXX object ggml/src/ggml-vulkan/CMakeFiles/ggml-vulkan.dir/im2col_3d.comp.cpp.o
[ 45%] Building CXX object ggml/src/ggml-vulkan/CMakeFiles/ggml-vulkan.dir/l2_norm.comp.cpp.o
[ 45%] Building CXX object ggml/src/ggml-vulkan/CMakeFiles/ggml-vulkan.dir/lightning_indexer.comp.cpp.o
[ 45%] Building CXX object ggml/src/ggml-vulkan/CMakeFiles/ggml-vulkan.dir/log.comp.cpp.o
4 warnings generated when compiling for gfx906.
[ 45%] Building CXX object ggml/src/ggml-vulkan/CMakeFiles/ggml-vulkan.dir/mul.comp.cpp.o
[ 45%] Building CXX object ggml/src/ggml-vulkan/CMakeFiles/ggml-vulkan.dir/mul_mat_split_k_reduce.comp.cpp.o
[ 45%] Building CXX object ggml/src/ggml-vulkan/CMakeFiles/ggml-vulkan.dir/mul_mat_vec.comp.cpp.o
In file included from /home/srcds/dev/uf3_rocm6.1_llama.cpp/ggml/src/ggml-cuda/template-instances/fattn-tile-instance-dkq128-dv128.cu:3:
/home/srcds/dev/uf3_rocm6.1_llama.cpp/ggml/src/ggml-cuda/template-instances/../fattn-tile.cuh:503:29: warning: division by zero is undefined [-Wdivision-by-zero]
  503 |             const int i = b / nb;
      |                             ^ ~~
/home/srcds/dev/uf3_rocm6.1_llama.cpp/ggml/src/ggml-cuda/template-instances/../fattn-tile.cuh:604:9: note: in instantiation of function template specialization 'flash_attn_tile_load_tile_q8_0<32, 8, 64, 0, 4, false>' requested here
  604 |         flash_attn_tile_load_tile_q8_0<warp_size, nwarps, nbatch_fa, nbatch_K, cpy_ne, oob_check>
      |         ^
/home/srcds/dev/uf3_rocm6.1_llama.cpp/ggml/src/ggml-cuda/template-instances/../fattn-tile.cuh:811:9: note: in instantiation of function template specialization 'flash_attn_tile_iter_KQ<32, 8, 2, 8, 128, 64, 0, false, false, __half2, true>' requested here
  811 |         flash_attn_tile_iter_KQ<warp_size, nwarps, ncols1, ncols2, DKQ, nbatch_fa, nbatch_K_last, use_logit_softcap, oob_check, T_vec_dot, k_q8_0>(
      |         ^
/home/srcds/dev/uf3_rocm6.1_llama.cpp/ggml/src/ggml-cuda/template-instances/../fattn-tile.cuh:1199:13: note: in instantiation of function template specialization 'flash_attn_tile_iter<32, 8, 2, 8, 128, 128, 64, 128, false, false, true, true, __half2, __half, __half2>' requested here
 1199 |             flash_attn_tile_iter<warp_size, nwarps, ncols1, ncols2, DKQ, DV, nbatch_fa, nbatch_K, use_logit_softcap, oob_check, k_q8_0, v_q8_0>
      |             ^
/home/srcds/dev/uf3_rocm6.1_llama.cpp/ggml/src/ggml-cuda/template-instances/../fattn-tile.cuh:1432:47: note: in instantiation of function template specialization 'flash_attn_tile<128, 128, 2, 8, false, true, true>' requested here
 1432 |                 fattn_kernel_t fattn_kernel = flash_attn_tile<DKQ, DV, cols_per_block/ncols2, ncols2, use_logit_softcap, true, true>;
      |                                               ^
/home/srcds/dev/uf3_rocm6.1_llama.cpp/ggml/src/ggml-cuda/template-instances/../fattn-tile.cuh:1478:28: note: in instantiation of function template specialization 'launch_fattn_tile_vega_native<128, 128, 8, false, 16>' requested here
 1478 |                 launched = launch_fattn_tile_vega_native<DKQ, DV, ncols2, use_logit_softcap, 16>(ctx, dst);
      |                            ^
/home/srcds/dev/uf3_rocm6.1_llama.cpp/ggml/src/ggml-cuda/template-instances/../fattn-tile.cuh:1638:13: note: in instantiation of function template specialization 'launch_fattn_tile_switch_ncols1<128, 128, 8, false>' requested here
 1638 |             launch_fattn_tile_switch_ncols1<DKQ, DV, 8, use_logit_softcap>(ctx, dst);
      |             ^
/home/srcds/dev/uf3_rocm6.1_llama.cpp/ggml/src/ggml-cuda/template-instances/../fattn-tile.cuh:1669:9: note: in instantiation of function template specialization 'launch_fattn_tile_switch_ncols2<128, 128, false>' requested here
 1669 |         launch_fattn_tile_switch_ncols2<DKQ, DV, use_logit_softcap>(ctx, dst);
      |         ^
/home/srcds/dev/uf3_rocm6.1_llama.cpp/ggml/src/ggml-cuda/template-instances/../fattn-tile.cuh:504:29: warning: remainder by zero is undefined [-Wdivision-by-zero]
  504 |             const int j = b % nb;
      |                             ^ ~~
/home/srcds/dev/uf3_rocm6.1_llama.cpp/ggml/src/ggml-cuda/template-instances/../fattn-tile.cuh:503:29: warning: division by zero is undefined [-Wdivision-by-zero]
  503 |             const int i = b / nb;
      |                             ^ ~~
/home/srcds/dev/uf3_rocm6.1_llama.cpp/ggml/src/ggml-cuda/template-instances/../fattn-tile.cuh:604:9: note: in instantiation of function template specialization 'flash_attn_tile_load_tile_q8_0<32, 8, 64, 0, 4, true>' requested here
  604 |         flash_attn_tile_load_tile_q8_0<warp_size, nwarps, nbatch_fa, nbatch_K, cpy_ne, oob_check>
      |         ^
/home/srcds/dev/uf3_rocm6.1_llama.cpp/ggml/src/ggml-cuda/template-instances/../fattn-tile.cuh:811:9: note: in instantiation of function template specialization 'flash_attn_tile_iter_KQ<32, 8, 2, 8, 128, 64, 0, false, true, __half2, true>' requested here
  811 |         flash_attn_tile_iter_KQ<warp_size, nwarps, ncols1, ncols2, DKQ, nbatch_fa, nbatch_K_last, use_logit_softcap, oob_check, T_vec_dot, k_q8_0>(
      |         ^
/home/srcds/dev/uf3_rocm6.1_llama.cpp/ggml/src/ggml-cuda/template-instances/../fattn-tile.cuh:1212:13: note: in instantiation of function template specialization 'flash_attn_tile_iter<32, 8, 2, 8, 128, 128, 64, 128, false, true, true, true, __half2, __half, __half2>' requested here
 1212 |             flash_attn_tile_iter<warp_size, nwarps, ncols1, ncols2, DKQ, DV, nbatch_fa, nbatch_K, use_logit_softcap, oob_check, k_q8_0, v_q8_0>
      |             ^
/home/srcds/dev/uf3_rocm6.1_llama.cpp/ggml/src/ggml-cuda/template-instances/../fattn-tile.cuh:1432:47: note: in instantiation of function template specialization 'flash_attn_tile<128, 128, 2, 8, false, true, true>' requested here
 1432 |                 fattn_kernel_t fattn_kernel = flash_attn_tile<DKQ, DV, cols_per_block/ncols2, ncols2, use_logit_softcap, true, true>;
      |                                               ^
/home/srcds/dev/uf3_rocm6.1_llama.cpp/ggml/src/ggml-cuda/template-instances/../fattn-tile.cuh:1478:28: note: in instantiation of function template specialization 'launch_fattn_tile_vega_native<128, 128, 8, false, 16>' requested here
 1478 |                 launched = launch_fattn_tile_vega_native<DKQ, DV, ncols2, use_logit_softcap, 16>(ctx, dst);
      |                            ^
/home/srcds/dev/uf3_rocm6.1_llama.cpp/ggml/src/ggml-cuda/template-instances/../fattn-tile.cuh:1638:13: note: in instantiation of function template specialization 'launch_fattn_tile_switch_ncols1<128, 128, 8, false>' requested here
 1638 |             launch_fattn_tile_switch_ncols1<DKQ, DV, 8, use_logit_softcap>(ctx, dst);
      |             ^
/home/srcds/dev/uf3_rocm6.1_llama.cpp/ggml/src/ggml-cuda/template-instances/../fattn-tile.cuh:1669:9: note: in instantiation of function template specialization 'launch_fattn_tile_switch_ncols2<128, 128, false>' requested here
 1669 |         launch_fattn_tile_switch_ncols2<DKQ, DV, use_logit_softcap>(ctx, dst);
      |         ^
/home/srcds/dev/uf3_rocm6.1_llama.cpp/ggml/src/ggml-cuda/template-instances/../fattn-tile.cuh:504:29: warning: remainder by zero is undefined [-Wdivision-by-zero]
  504 |             const int j = b % nb;
      |                             ^ ~~
[ 45%] Building CXX object ggml/src/ggml-vulkan/CMakeFiles/ggml-vulkan.dir/mul_mat_vec_iq1_m.comp.cpp.o
[ 46%] Building CXX object ggml/src/ggml-vulkan/CMakeFiles/ggml-vulkan.dir/mul_mat_vec_iq1_s.comp.cpp.o
[ 46%] Building CXX object ggml/src/ggml-vulkan/CMakeFiles/ggml-vulkan.dir/mul_mat_vec_iq2_s.comp.cpp.o
[ 46%] Building CXX object ggml/src/ggml-vulkan/CMakeFiles/ggml-vulkan.dir/mul_mat_vec_iq2_xs.comp.cpp.o
[ 46%] Building HIP object ggml/src/ggml-hip/CMakeFiles/ggml-hip.dir/__/ggml-cuda/template-instances/mmf-instance-ncols_13.cu.o
[ 46%] Building CXX object ggml/src/ggml-vulkan/CMakeFiles/ggml-vulkan.dir/mul_mat_vec_iq2_xxs.comp.cpp.o
[ 46%] Building CXX object ggml/src/ggml-vulkan/CMakeFiles/ggml-vulkan.dir/mul_mat_vec_iq3_s.comp.cpp.o
[ 46%] Building CXX object ggml/src/ggml-vulkan/CMakeFiles/ggml-vulkan.dir/mul_mat_vec_iq3_xxs.comp.cpp.o
[ 46%] Building CXX object ggml/src/ggml-vulkan/CMakeFiles/ggml-vulkan.dir/mul_mat_vec_iq4_xs.comp.cpp.o
[ 46%] Building CXX object ggml/src/ggml-vulkan/CMakeFiles/ggml-vulkan.dir/mul_mat_vec_nc.comp.cpp.o
[ 46%] Building CXX object ggml/src/ggml-vulkan/CMakeFiles/ggml-vulkan.dir/mul_mat_vec_p021.comp.cpp.o
[ 47%] Building CXX object ggml/src/ggml-vulkan/CMakeFiles/ggml-vulkan.dir/mul_mat_vec_q2_k.comp.cpp.o
[ 47%] Building CXX object ggml/src/ggml-vulkan/CMakeFiles/ggml-vulkan.dir/mul_mat_vec_q3_k.comp.cpp.o
[ 47%] Building CXX object ggml/src/ggml-vulkan/CMakeFiles/ggml-vulkan.dir/mul_mat_vec_q4_k.comp.cpp.o
[ 47%] Building CXX object ggml/src/ggml-vulkan/CMakeFiles/ggml-vulkan.dir/mul_mat_vec_q5_k.comp.cpp.o
[ 47%] Building CXX object ggml/src/ggml-vulkan/CMakeFiles/ggml-vulkan.dir/mul_mat_vec_q6_k.comp.cpp.o
[ 47%] Building CXX object ggml/src/ggml-vulkan/CMakeFiles/ggml-vulkan.dir/mul_mat_vec_tq1_0.comp.cpp.o
[ 47%] Building CXX object ggml/src/ggml-vulkan/CMakeFiles/ggml-vulkan.dir/mul_mat_vec_tq2_0.comp.cpp.o
4 warnings generated when compiling for host.
[ 47%] Building CXX object ggml/src/ggml-vulkan/CMakeFiles/ggml-vulkan.dir/mul_mat_vecq.comp.cpp.o
[ 47%] Building CXX object ggml/src/ggml-vulkan/CMakeFiles/ggml-vulkan.dir/mul_mm.comp.cpp.o
[ 47%] Building CXX object ggml/src/ggml-vulkan/CMakeFiles/ggml-vulkan.dir/mul_mm_cm2.comp.cpp.o
[ 47%] Building HIP object ggml/src/ggml-hip/CMakeFiles/ggml-hip.dir/__/ggml-cuda/template-instances/mmf-instance-ncols_14.cu.o
[ 48%] Building CXX object ggml/src/ggml-vulkan/CMakeFiles/ggml-vulkan.dir/mul_mmq.comp.cpp.o
[ 48%] Building CXX object ggml/src/ggml-vulkan/CMakeFiles/ggml-vulkan.dir/mul_mmq_cm1.comp.cpp.o
[ 48%] Building HIP object ggml/src/ggml-hip/CMakeFiles/ggml-hip.dir/__/ggml-cuda/template-instances/mmf-instance-ncols_15.cu.o
[ 48%] Building CXX object ggml/src/ggml-vulkan/CMakeFiles/ggml-vulkan.dir/multi_add.comp.cpp.o
[ 48%] Building CXX object ggml/src/ggml-vulkan/CMakeFiles/ggml-vulkan.dir/norm.comp.cpp.o
[ 48%] Building CXX object ggml/src/ggml-vulkan/CMakeFiles/ggml-vulkan.dir/opt_step_adamw.comp.cpp.o
[ 48%] Building CXX object ggml/src/ggml-vulkan/CMakeFiles/ggml-vulkan.dir/opt_step_sgd.comp.cpp.o
[ 48%] Building CXX object ggml/src/ggml-vulkan/CMakeFiles/ggml-vulkan.dir/out_prod.comp.cpp.o
[ 48%] Building HIP object ggml/src/ggml-hip/CMakeFiles/ggml-hip.dir/__/ggml-cuda/template-instances/mmf-instance-ncols_16.cu.o
[ 48%] Building HIP object ggml/src/ggml-hip/CMakeFiles/ggml-hip.dir/__/ggml-cuda/template-instances/mmf-instance-ncols_2.cu.o
[ 48%] Building HIP object ggml/src/ggml-hip/CMakeFiles/ggml-hip.dir/__/ggml-cuda/template-instances/mmf-instance-ncols_3.cu.o
[ 48%] Building HIP object ggml/src/ggml-hip/CMakeFiles/ggml-hip.dir/__/ggml-cuda/template-instances/mmf-instance-ncols_4.cu.o
[ 48%] Building HIP object ggml/src/ggml-hip/CMakeFiles/ggml-hip.dir/__/ggml-cuda/template-instances/mmf-instance-ncols_5.cu.o
[ 48%] Building CXX object ggml/src/ggml-vulkan/CMakeFiles/ggml-vulkan.dir/pad.comp.cpp.o
[ 49%] Building HIP object ggml/src/ggml-hip/CMakeFiles/ggml-hip.dir/__/ggml-cuda/template-instances/mmf-instance-ncols_6.cu.o
[ 49%] Building HIP object ggml/src/ggml-hip/CMakeFiles/ggml-hip.dir/__/ggml-cuda/template-instances/mmf-instance-ncols_7.cu.o
[ 49%] Building HIP object ggml/src/ggml-hip/CMakeFiles/ggml-hip.dir/__/ggml-cuda/template-instances/mmf-instance-ncols_8.cu.o
[ 49%] Building CXX object ggml/src/ggml-vulkan/CMakeFiles/ggml-vulkan.dir/pad_reflect_1d.comp.cpp.o
[ 50%] Building CXX object ggml/src/ggml-vulkan/CMakeFiles/ggml-vulkan.dir/pool1d.comp.cpp.o
[ 50%] Building CXX object ggml/src/ggml-vulkan/CMakeFiles/ggml-vulkan.dir/pool2d.comp.cpp.o
[ 50%] Building CXX object ggml/src/ggml-vulkan/CMakeFiles/ggml-vulkan.dir/quantize_q8_1.comp.cpp.o
[ 50%] Building CXX object ggml/src/ggml-vulkan/CMakeFiles/ggml-vulkan.dir/reglu.comp.cpp.o
[ 50%] Building CXX object ggml/src/ggml-vulkan/CMakeFiles/ggml-vulkan.dir/repeat.comp.cpp.o
[ 50%] Building CXX object ggml/src/ggml-vulkan/CMakeFiles/ggml-vulkan.dir/repeat_back.comp.cpp.o
[ 50%] Building CXX object ggml/src/ggml-vulkan/CMakeFiles/ggml-vulkan.dir/rms_norm.comp.cpp.o
[ 50%] Building CXX object ggml/src/ggml-vulkan/CMakeFiles/ggml-vulkan.dir/rms_norm_back.comp.cpp.o
[ 50%] Building CXX object ggml/src/ggml-vulkan/CMakeFiles/ggml-vulkan.dir/rms_norm_partials.comp.cpp.o
[ 50%] Building CXX object ggml/src/ggml-vulkan/CMakeFiles/ggml-vulkan.dir/roll.comp.cpp.o
[ 51%] Building CXX object ggml/src/ggml-vulkan/CMakeFiles/ggml-vulkan.dir/rope_multi.comp.cpp.o
[ 51%] Building CXX object ggml/src/ggml-vulkan/CMakeFiles/ggml-vulkan.dir/rope_neox.comp.cpp.o
[ 51%] Building CXX object ggml/src/ggml-vulkan/CMakeFiles/ggml-vulkan.dir/rope_norm.comp.cpp.o
[ 51%] Building CXX object ggml/src/ggml-vulkan/CMakeFiles/ggml-vulkan.dir/rope_vision.comp.cpp.o
[ 51%] Building CXX object ggml/src/ggml-vulkan/CMakeFiles/ggml-vulkan.dir/scale.comp.cpp.o
[ 51%] Building CXX object ggml/src/ggml-vulkan/CMakeFiles/ggml-vulkan.dir/silu_back.comp.cpp.o
[ 51%] Building CXX object ggml/src/ggml-vulkan/CMakeFiles/ggml-vulkan.dir/snake.comp.cpp.o
[ 51%] Building CXX object ggml/src/ggml-vulkan/CMakeFiles/ggml-vulkan.dir/soft_max.comp.cpp.o
[ 51%] Building CXX object ggml/src/ggml-vulkan/CMakeFiles/ggml-vulkan.dir/soft_max_back.comp.cpp.o
[ 52%] Building CXX object ggml/src/ggml-vulkan/CMakeFiles/ggml-vulkan.dir/soft_max_large1.comp.cpp.o
[ 52%] Building CXX object ggml/src/ggml-vulkan/CMakeFiles/ggml-vulkan.dir/soft_max_large2.comp.cpp.o
[ 52%] Building CXX object ggml/src/ggml-vulkan/CMakeFiles/ggml-vulkan.dir/soft_max_large3.comp.cpp.o
[ 52%] Building CXX object ggml/src/ggml-vulkan/CMakeFiles/ggml-vulkan.dir/solve_tri.comp.cpp.o
[ 52%] Building CXX object ggml/src/ggml-vulkan/CMakeFiles/ggml-vulkan.dir/ssm_conv.comp.cpp.o
[ 52%] Building CXX object ggml/src/ggml-vulkan/CMakeFiles/ggml-vulkan.dir/ssm_scan.comp.cpp.o
[ 52%] Building CXX object ggml/src/ggml-vulkan/CMakeFiles/ggml-vulkan.dir/sub.comp.cpp.o
[ 52%] Building CXX object ggml/src/ggml-vulkan/CMakeFiles/ggml-vulkan.dir/sum_rows.comp.cpp.o
[ 52%] Building CXX object ggml/src/ggml-vulkan/CMakeFiles/ggml-vulkan.dir/swiglu.comp.cpp.o
[ 53%] Building CXX object ggml/src/ggml-vulkan/CMakeFiles/ggml-vulkan.dir/swiglu_clamp.comp.cpp.o
[ 53%] Building CXX object ggml/src/ggml-vulkan/CMakeFiles/ggml-vulkan.dir/swiglu_oai.comp.cpp.o
[ 53%] Building CXX object ggml/src/ggml-vulkan/CMakeFiles/ggml-vulkan.dir/timestep_embedding.comp.cpp.o
[ 53%] Building CXX object ggml/src/ggml-vulkan/CMakeFiles/ggml-vulkan.dir/topk_argsort.comp.cpp.o
[ 53%] Building CXX object ggml/src/ggml-vulkan/CMakeFiles/ggml-vulkan.dir/topk_moe.comp.cpp.o
[ 53%] Building CXX object ggml/src/ggml-vulkan/CMakeFiles/ggml-vulkan.dir/topk_nary_search.comp.cpp.o
[ 53%] Building CXX object ggml/src/ggml-vulkan/CMakeFiles/ggml-vulkan.dir/topk_radix_select.comp.cpp.o
[ 53%] Building CXX object ggml/src/ggml-vulkan/CMakeFiles/ggml-vulkan.dir/tri.comp.cpp.o
[ 53%] Building CXX object ggml/src/ggml-vulkan/CMakeFiles/ggml-vulkan.dir/unary.comp.cpp.o
[ 53%] Building CXX object ggml/src/ggml-vulkan/CMakeFiles/ggml-vulkan.dir/upscale.comp.cpp.o
[ 54%] Building CXX object ggml/src/ggml-vulkan/CMakeFiles/ggml-vulkan.dir/wkv6.comp.cpp.o
[ 54%] Building CXX object ggml/src/ggml-vulkan/CMakeFiles/ggml-vulkan.dir/wkv7.comp.cpp.o
[ 54%] Linking CXX shared library ../../../bin/libggml-vulkan.so
[ 54%] Built target ggml-vulkan
[ 54%] Building HIP object ggml/src/ggml-hip/CMakeFiles/ggml-hip.dir/__/ggml-cuda/template-instances/mmf-instance-ncols_9.cu.o
[ 54%] Building HIP object ggml/src/ggml-hip/CMakeFiles/ggml-hip.dir/__/ggml-cuda/template-instances/fattn-vec-instance-q4_0-q4_0.cu.o
[ 54%] Building HIP object ggml/src/ggml-hip/CMakeFiles/ggml-hip.dir/__/ggml-cuda/template-instances/fattn-vec-instance-q4_1-q4_0.cu.o
[ 54%] Building HIP object ggml/src/ggml-hip/CMakeFiles/ggml-hip.dir/__/ggml-cuda/template-instances/fattn-vec-instance-q5_0-q4_0.cu.o
[ 54%] Building HIP object ggml/src/ggml-hip/CMakeFiles/ggml-hip.dir/__/ggml-cuda/template-instances/fattn-vec-instance-q5_1-q4_0.cu.o
[ 54%] Building HIP object ggml/src/ggml-hip/CMakeFiles/ggml-hip.dir/__/ggml-cuda/template-instances/fattn-vec-instance-q8_0-q4_0.cu.o
[ 55%] Building HIP object ggml/src/ggml-hip/CMakeFiles/ggml-hip.dir/__/ggml-cuda/template-instances/fattn-vec-instance-bf16-q4_0.cu.o
[ 55%] Building HIP object ggml/src/ggml-hip/CMakeFiles/ggml-hip.dir/__/ggml-cuda/template-instances/fattn-vec-instance-f16-q4_0.cu.o
[ 55%] Building HIP object ggml/src/ggml-hip/CMakeFiles/ggml-hip.dir/__/ggml-cuda/template-instances/fattn-vec-instance-q4_0-q4_1.cu.o
[ 55%] Building HIP object ggml/src/ggml-hip/CMakeFiles/ggml-hip.dir/__/ggml-cuda/template-instances/fattn-vec-instance-q4_1-q4_1.cu.o
[ 55%] Building HIP object ggml/src/ggml-hip/CMakeFiles/ggml-hip.dir/__/ggml-cuda/template-instances/fattn-vec-instance-q5_0-q4_1.cu.o
[ 55%] Building HIP object ggml/src/ggml-hip/CMakeFiles/ggml-hip.dir/__/ggml-cuda/template-instances/fattn-vec-instance-q5_1-q4_1.cu.o
[ 55%] Building HIP object ggml/src/ggml-hip/CMakeFiles/ggml-hip.dir/__/ggml-cuda/template-instances/fattn-vec-instance-q8_0-q4_1.cu.o
[ 55%] Building HIP object ggml/src/ggml-hip/CMakeFiles/ggml-hip.dir/__/ggml-cuda/template-instances/fattn-vec-instance-bf16-q4_1.cu.o
[ 55%] Building HIP object ggml/src/ggml-hip/CMakeFiles/ggml-hip.dir/__/ggml-cuda/template-instances/fattn-vec-instance-f16-q4_1.cu.o
[ 56%] Building HIP object ggml/src/ggml-hip/CMakeFiles/ggml-hip.dir/__/ggml-cuda/template-instances/fattn-vec-instance-q4_0-q5_0.cu.o
[ 56%] Building HIP object ggml/src/ggml-hip/CMakeFiles/ggml-hip.dir/__/ggml-cuda/template-instances/fattn-vec-instance-q4_1-q5_0.cu.o
[ 56%] Building HIP object ggml/src/ggml-hip/CMakeFiles/ggml-hip.dir/__/ggml-cuda/template-instances/fattn-vec-instance-q5_0-q5_0.cu.o
[ 56%] Building HIP object ggml/src/ggml-hip/CMakeFiles/ggml-hip.dir/__/ggml-cuda/template-instances/fattn-vec-instance-q5_1-q5_0.cu.o
[ 56%] Building HIP object ggml/src/ggml-hip/CMakeFiles/ggml-hip.dir/__/ggml-cuda/template-instances/fattn-vec-instance-q8_0-q5_0.cu.o
[ 56%] Building HIP object ggml/src/ggml-hip/CMakeFiles/ggml-hip.dir/__/ggml-cuda/template-instances/fattn-vec-instance-bf16-q5_0.cu.o
[ 56%] Building HIP object ggml/src/ggml-hip/CMakeFiles/ggml-hip.dir/__/ggml-cuda/template-instances/fattn-vec-instance-f16-q5_0.cu.o
[ 56%] Building HIP object ggml/src/ggml-hip/CMakeFiles/ggml-hip.dir/__/ggml-cuda/template-instances/fattn-vec-instance-q4_0-q5_1.cu.o
[ 56%] Building HIP object ggml/src/ggml-hip/CMakeFiles/ggml-hip.dir/__/ggml-cuda/template-instances/fattn-vec-instance-q4_1-q5_1.cu.o
[ 56%] Building HIP object ggml/src/ggml-hip/CMakeFiles/ggml-hip.dir/__/ggml-cuda/template-instances/fattn-vec-instance-q5_0-q5_1.cu.o
[ 57%] Building HIP object ggml/src/ggml-hip/CMakeFiles/ggml-hip.dir/__/ggml-cuda/template-instances/fattn-vec-instance-q5_1-q5_1.cu.o
[ 57%] Building HIP object ggml/src/ggml-hip/CMakeFiles/ggml-hip.dir/__/ggml-cuda/template-instances/fattn-vec-instance-q8_0-q5_1.cu.o
[ 57%] Building HIP object ggml/src/ggml-hip/CMakeFiles/ggml-hip.dir/__/ggml-cuda/template-instances/fattn-vec-instance-bf16-q5_1.cu.o
[ 57%] Building HIP object ggml/src/ggml-hip/CMakeFiles/ggml-hip.dir/__/ggml-cuda/template-instances/fattn-vec-instance-f16-q5_1.cu.o
[ 57%] Building HIP object ggml/src/ggml-hip/CMakeFiles/ggml-hip.dir/__/ggml-cuda/template-instances/fattn-vec-instance-q4_0-q8_0.cu.o
[ 57%] Building HIP object ggml/src/ggml-hip/CMakeFiles/ggml-hip.dir/__/ggml-cuda/template-instances/fattn-vec-instance-q4_1-q8_0.cu.o
[ 57%] Building HIP object ggml/src/ggml-hip/CMakeFiles/ggml-hip.dir/__/ggml-cuda/template-instances/fattn-vec-instance-q5_0-q8_0.cu.o
[ 57%] Building HIP object ggml/src/ggml-hip/CMakeFiles/ggml-hip.dir/__/ggml-cuda/template-instances/fattn-vec-instance-q5_1-q8_0.cu.o
[ 57%] Building HIP object ggml/src/ggml-hip/CMakeFiles/ggml-hip.dir/__/ggml-cuda/template-instances/fattn-vec-instance-q8_0-q8_0.cu.o
[ 58%] Building HIP object ggml/src/ggml-hip/CMakeFiles/ggml-hip.dir/__/ggml-cuda/template-instances/fattn-vec-instance-bf16-q8_0.cu.o
[ 58%] Building HIP object ggml/src/ggml-hip/CMakeFiles/ggml-hip.dir/__/ggml-cuda/template-instances/fattn-vec-instance-f16-q8_0.cu.o
[ 58%] Building HIP object ggml/src/ggml-hip/CMakeFiles/ggml-hip.dir/__/ggml-cuda/template-instances/fattn-vec-instance-q4_0-bf16.cu.o
[ 58%] Building HIP object ggml/src/ggml-hip/CMakeFiles/ggml-hip.dir/__/ggml-cuda/template-instances/fattn-vec-instance-q4_1-bf16.cu.o
[ 58%] Building HIP object ggml/src/ggml-hip/CMakeFiles/ggml-hip.dir/__/ggml-cuda/template-instances/fattn-vec-instance-q5_0-bf16.cu.o
[ 58%] Building HIP object ggml/src/ggml-hip/CMakeFiles/ggml-hip.dir/__/ggml-cuda/template-instances/fattn-vec-instance-q5_1-bf16.cu.o
[ 58%] Building HIP object ggml/src/ggml-hip/CMakeFiles/ggml-hip.dir/__/ggml-cuda/template-instances/fattn-vec-instance-q8_0-bf16.cu.o
[ 58%] Building HIP object ggml/src/ggml-hip/CMakeFiles/ggml-hip.dir/__/ggml-cuda/template-instances/fattn-vec-instance-bf16-bf16.cu.o
[ 58%] Building HIP object ggml/src/ggml-hip/CMakeFiles/ggml-hip.dir/__/ggml-cuda/template-instances/fattn-vec-instance-f16-bf16.cu.o
[ 59%] Building HIP object ggml/src/ggml-hip/CMakeFiles/ggml-hip.dir/__/ggml-cuda/template-instances/fattn-vec-instance-q4_0-f16.cu.o
[ 59%] Building HIP object ggml/src/ggml-hip/CMakeFiles/ggml-hip.dir/__/ggml-cuda/template-instances/fattn-vec-instance-q4_1-f16.cu.o
[ 59%] Building HIP object ggml/src/ggml-hip/CMakeFiles/ggml-hip.dir/__/ggml-cuda/template-instances/fattn-vec-instance-q5_0-f16.cu.o
[ 59%] Building HIP object ggml/src/ggml-hip/CMakeFiles/ggml-hip.dir/__/ggml-cuda/template-instances/fattn-vec-instance-q5_1-f16.cu.o
[ 59%] Building HIP object ggml/src/ggml-hip/CMakeFiles/ggml-hip.dir/__/ggml-cuda/template-instances/fattn-vec-instance-q8_0-f16.cu.o
[ 59%] Building HIP object ggml/src/ggml-hip/CMakeFiles/ggml-hip.dir/__/ggml-cuda/template-instances/fattn-vec-instance-bf16-f16.cu.o
[ 59%] Building HIP object ggml/src/ggml-hip/CMakeFiles/ggml-hip.dir/__/ggml-cuda/template-instances/fattn-vec-instance-f16-f16.cu.o
[ 59%] Linking HIP shared library ../../../bin/libggml-hip.so
[ 59%] Built target ggml-hip
[ 59%] Building CXX object ggml/src/CMakeFiles/ggml.dir/ggml-backend-reg.cpp.o
[ 59%] Building CXX object ggml/src/CMakeFiles/ggml.dir/ggml-backend-dl.cpp.o
[ 59%] Linking CXX shared library ../../bin/libggml.so
[ 59%] Built target ggml
[ 59%] Building CXX object src/CMakeFiles/llama.dir/Unity/unity_8_cxx.cxx.o
[ 59%] Building CXX object src/CMakeFiles/llama.dir/Unity/unity_6_cxx.cxx.o
[ 59%] Building CXX object examples/gguf-hash/CMakeFiles/llama-gguf-hash.dir/gguf-hash.cpp.o
[ 59%] Building CXX object examples/gguf/CMakeFiles/llama-gguf.dir/gguf.cpp.o
[ 59%] Building CXX object src/CMakeFiles/llama.dir/Unity/unity_7_cxx.cxx.o
[ 59%] Building CXX object src/CMakeFiles/llama.dir/Unity/unity_9_cxx.cxx.o
[ 60%] Building CXX object src/CMakeFiles/llama.dir/Unity/unity_5_cxx.cxx.o
[ 60%] Building CXX object src/CMakeFiles/llama.dir/Unity/unity_4_cxx.cxx.o
[ 60%] Building CXX object src/CMakeFiles/llama.dir/Unity/unity_0_cxx.cxx.o
[ 60%] Building CXX object src/CMakeFiles/llama.dir/Unity/unity_1_cxx.cxx.o
[ 60%] Building CXX object src/CMakeFiles/llama.dir/Unity/unity_2_cxx.cxx.o
[ 60%] Building CXX object src/CMakeFiles/llama.dir/llama.cpp.o
[ 60%] Building CXX object src/CMakeFiles/llama.dir/Unity/unity_3_cxx.cxx.o
[ 60%] Building CXX object src/CMakeFiles/llama.dir/llama-arch.cpp.o
[ 60%] Building CXX object src/CMakeFiles/llama.dir/llama-adapter.cpp.o
[ 60%] Building CXX object src/CMakeFiles/llama.dir/llama-batch.cpp.o
[ 60%] Linking CXX executable ../../bin/llama-gguf
[ 60%] Built target llama-gguf
[ 61%] Building CXX object src/CMakeFiles/llama.dir/llama-chat.cpp.o
[ 61%] Building CXX object src/CMakeFiles/llama.dir/llama-context.cpp.o
[ 61%] Linking CXX executable ../../bin/llama-gguf-hash
[ 61%] Built target llama-gguf-hash
[ 61%] Building CXX object src/CMakeFiles/llama.dir/llama-cparams.cpp.o
[ 61%] Building CXX object src/CMakeFiles/llama.dir/llama-grammar.cpp.o
[ 61%] Building CXX object src/CMakeFiles/llama.dir/llama-graph.cpp.o
[ 61%] Building CXX object src/CMakeFiles/llama.dir/llama-hparams.cpp.o
[ 61%] Building CXX object src/CMakeFiles/llama.dir/llama-impl.cpp.o
[ 61%] Building CXX object src/CMakeFiles/llama.dir/llama-io.cpp.o
[ 61%] Building CXX object src/CMakeFiles/llama.dir/llama-kv-cache.cpp.o
[ 62%] Building CXX object src/CMakeFiles/llama.dir/llama-kv-cache-iswa.cpp.o
[ 62%] Building CXX object src/CMakeFiles/llama.dir/llama-kv-cache-dsa.cpp.o
[ 62%] Building CXX object src/CMakeFiles/llama.dir/llama-kv-cache-dsa-iswa.cpp.o
[ 62%] Building CXX object src/CMakeFiles/llama.dir/llama-kv-cache-msa.cpp.o
[ 62%] Building CXX object src/CMakeFiles/llama.dir/llama-kv-cache-dsv4.cpp.o
[ 62%] Building CXX object src/CMakeFiles/llama.dir/llama-memory.cpp.o
[ 62%] Building CXX object src/CMakeFiles/llama.dir/llama-memory-hybrid.cpp.o
[ 62%] Building CXX object src/CMakeFiles/llama.dir/llama-memory-hybrid-iswa.cpp.o
[ 62%] Building CXX object src/CMakeFiles/llama.dir/llama-memory-hybrid-idx.cpp.o
[ 63%] Building CXX object src/CMakeFiles/llama.dir/llama-memory-recurrent.cpp.o
[ 63%] Building CXX object src/CMakeFiles/llama.dir/llama-mmap.cpp.o
[ 63%] Building CXX object src/CMakeFiles/llama.dir/llama-model-loader.cpp.o
[ 63%] Building CXX object src/CMakeFiles/llama.dir/llama-model-saver.cpp.o
[ 63%] Building CXX object src/CMakeFiles/llama.dir/llama-model.cpp.o
[ 63%] Building CXX object src/CMakeFiles/llama.dir/llama-quant.cpp.o
[ 63%] Building CXX object src/CMakeFiles/llama.dir/llama-sampler.cpp.o
[ 63%] Building CXX object src/CMakeFiles/llama.dir/llama-vocab.cpp.o
[ 63%] Building CXX object src/CMakeFiles/llama.dir/unicode-data.cpp.o
[ 63%] Building CXX object src/CMakeFiles/llama.dir/unicode.cpp.o
[ 64%] Linking CXX shared library ../bin/libllama.so
[ 64%] Built target llama
[ 65%] Building CXX object examples/simple-chat/CMakeFiles/llama-simple-chat.dir/simple-chat.cpp.o
[ 65%] Building CXX object examples/simple/CMakeFiles/llama-simple.dir/simple.cpp.o
[ 65%] Building CXX object common/CMakeFiles/llama-common.dir/parsers/deepseek.cpp.o
[ 65%] Building CXX object common/CMakeFiles/llama-common.dir/parsers/cohere2moe.cpp.o
[ 65%] Building CXX object tools/mtmd/CMakeFiles/mtmd.dir/mtmd-audio.cpp.o
[ 66%] Building CXX object tools/mtmd/CMakeFiles/mtmd.dir/mtmd-image.cpp.o
[ 66%] Building CXX object common/CMakeFiles/llama-common.dir/parsers/functionary-v3-2.cpp.o
[ 66%] Building C object tests/CMakeFiles/test-c.dir/test-c.c.o
[ 66%] Building CXX object tools/mtmd/CMakeFiles/mtmd.dir/mtmd-helper-gen.cpp.o
[ 66%] Building CXX object common/CMakeFiles/llama-common.dir/parsers/parsers.cpp.o
[ 66%] Building CXX object common/CMakeFiles/llama-common.dir/parsers/gemma4.cpp.o
[ 66%] Building CXX object tools/mtmd/CMakeFiles/mtmd.dir/mtmd.cpp.o
[ 66%] Building CXX object tools/mtmd/CMakeFiles/mtmd.dir/mtmd-helper.cpp.o
[ 66%] Building CXX object common/CMakeFiles/llama-common.dir/parsers/gigachat-v3.cpp.o
[ 66%] Building CXX object tools/mtmd/CMakeFiles/mtmd.dir/clip.cpp.o
[ 66%] Building CXX object common/CMakeFiles/llama-common.dir/parsers/gpt-oss.cpp.o
[ 67%] Linking C executable ../bin/test-c
[ 67%] Built target test-c
[ 67%] Building CXX object tools/mtmd/CMakeFiles/mtmd.dir/models/cogvlm.cpp.o
[ 67%] Linking CXX executable ../../bin/llama-simple
[ 67%] Linking CXX executable ../../bin/llama-simple-chat
[ 67%] Built target llama-simple
[ 68%] Building CXX object common/CMakeFiles/llama-common.dir/parsers/kimi-k2.cpp.o
[ 68%] Built target llama-simple-chat
[ 68%] Building CXX object tools/mtmd/CMakeFiles/mtmd.dir/models/conformer.cpp.o
[ 68%] Building CXX object common/CMakeFiles/llama-common.dir/parsers/kimi-k3.cpp.o
[ 68%] Building CXX object tools/mtmd/CMakeFiles/mtmd.dir/models/deepseek4v.cpp.o
[ 68%] Building CXX object common/CMakeFiles/llama-common.dir/parsers/ling3.cpp.o
[ 68%] Building CXX object tools/mtmd/CMakeFiles/mtmd.dir/models/dots3note.cpp.o
[ 68%] Building CXX object common/CMakeFiles/llama-common.dir/parsers/lfm2.cpp.o
[ 68%] Building CXX object common/CMakeFiles/llama-common.dir/parsers/minicpm5.cpp.o
[ 68%] Building CXX object tools/mtmd/CMakeFiles/mtmd.dir/models/dotsocr.cpp.o
[ 68%] Building CXX object common/CMakeFiles/llama-common.dir/parsers/minimax-m3.cpp.o
[ 68%] Building CXX object common/CMakeFiles/llama-common.dir/parsers/ministral3.cpp.o
[ 68%] Building CXX object common/CMakeFiles/llama-common.dir/parsers/muse-glimmer.cpp.o
[ 69%] Building CXX object tools/mtmd/CMakeFiles/mtmd.dir/models/exaone4_5.cpp.o
[ 69%] Building CXX object tools/mtmd/CMakeFiles/mtmd.dir/models/gemma4a.cpp.o
[ 69%] Building CXX object tools/mtmd/CMakeFiles/mtmd.dir/models/gemma4v.cpp.o
[ 69%] Building CXX object tools/mtmd/CMakeFiles/mtmd.dir/models/gemma4ua.cpp.o
[ 69%] Building CXX object common/CMakeFiles/llama-common.dir/parsers/qwen3-coder.cpp.o
[ 69%] Building CXX object tools/mtmd/CMakeFiles/mtmd.dir/models/gemma4uv.cpp.o
[ 69%] Building CXX object tools/mtmd/CMakeFiles/mtmd.dir/models/glm4v.cpp.o
[ 70%] Building CXX object common/CMakeFiles/llama-common.dir/arg.cpp.o
[ 70%] Building CXX object common/CMakeFiles/llama-common.dir/chat-auto-parser-generator.cpp.o
[ 70%] Building CXX object tools/mtmd/CMakeFiles/mtmd.dir/models/granite-speech.cpp.o
[ 70%] Building CXX object tools/mtmd/CMakeFiles/mtmd.dir/models/granite4-vision.cpp.o
[ 70%] Building CXX object common/CMakeFiles/llama-common.dir/chat-auto-parser-helpers.cpp.o
[ 70%] Building CXX object tools/mtmd/CMakeFiles/mtmd.dir/models/hunyuanvl.cpp.o
[ 70%] Building CXX object tools/mtmd/CMakeFiles/mtmd.dir/models/internvl.cpp.o
[ 70%] Building CXX object common/CMakeFiles/llama-common.dir/chat-diff-analyzer.cpp.o
[ 70%] Building CXX object common/CMakeFiles/llama-common.dir/chat-peg-parser.cpp.o
[ 70%] Building CXX object common/CMakeFiles/llama-common.dir/chat.cpp.o
[ 71%] Building CXX object tools/mtmd/CMakeFiles/mtmd.dir/models/kimivl.cpp.o
[ 71%] Building CXX object tools/mtmd/CMakeFiles/mtmd.dir/models/kimik25.cpp.o
[ 71%] Building CXX object tools/mtmd/CMakeFiles/mtmd.dir/models/nemotron-v2-vl.cpp.o
[ 71%] Building CXX object tools/mtmd/CMakeFiles/mtmd.dir/models/muse-glimmer.cpp.o
[ 71%] Building CXX object common/CMakeFiles/llama-common.dir/common.cpp.o
[ 71%] Building CXX object common/CMakeFiles/llama-common.dir/console.cpp.o
[ 71%] Building CXX object common/CMakeFiles/llama-common.dir/debug.cpp.o
[ 71%] Building CXX object common/CMakeFiles/llama-common.dir/download.cpp.o
[ 72%] Building CXX object common/CMakeFiles/llama-common.dir/fit.cpp.o
[ 72%] Building CXX object common/CMakeFiles/llama-common.dir/hf-cache.cpp.o
[ 72%] Building CXX object tools/mtmd/CMakeFiles/mtmd.dir/models/llama4.cpp.o
[ 72%] Building CXX object tools/mtmd/CMakeFiles/mtmd.dir/models/llava.cpp.o
[ 72%] Building CXX object common/CMakeFiles/llama-common.dir/imatrix-loader.cpp.o
[ 72%] Building CXX object tools/mtmd/CMakeFiles/mtmd.dir/models/minicpmv.cpp.o
[ 72%] Building CXX object common/CMakeFiles/llama-common.dir/json-schema-to-grammar.cpp.o
[ 72%] Building CXX object common/CMakeFiles/llama-common.dir/json-schema.cpp.o
[ 72%] Building CXX object common/CMakeFiles/llama-common.dir/json.cpp.o
[ 72%] Building CXX object tools/mtmd/CMakeFiles/mtmd.dir/models/paddleocr.cpp.o
[ 72%] Building CXX object tools/mtmd/CMakeFiles/mtmd.dir/models/pixtral.cpp.o
[ 72%] Building CXX object common/CMakeFiles/llama-common.dir/llguidance.cpp.o
[ 73%] Building CXX object tools/mtmd/CMakeFiles/mtmd.dir/models/qwen2vl.cpp.o
[ 73%] Building CXX object common/CMakeFiles/llama-common.dir/log.cpp.o
[ 73%] Building CXX object tools/mtmd/CMakeFiles/mtmd.dir/models/minimax-m3.cpp.o
[ 73%] Building CXX object common/CMakeFiles/llama-common.dir/ngram-cache.cpp.o
[ 74%] Building CXX object common/CMakeFiles/llama-common.dir/ngram-map.cpp.o
[ 74%] Building CXX object common/CMakeFiles/llama-common.dir/ngram-mod.cpp.o
[ 74%] Building CXX object common/CMakeFiles/llama-common.dir/peg-parser.cpp.o
[ 74%] Building CXX object common/CMakeFiles/llama-common.dir/preset.cpp.o
[ 74%] Building CXX object common/CMakeFiles/llama-common.dir/reasoning-budget.cpp.o
[ 74%] Building CXX object tools/mtmd/CMakeFiles/mtmd.dir/models/qwen3vl.cpp.o
[ 74%] Building CXX object common/CMakeFiles/llama-common.dir/sampling.cpp.o
[ 74%] Building CXX object common/CMakeFiles/llama-common.dir/speculative.cpp.o
[ 74%] Building CXX object common/CMakeFiles/llama-common.dir/subproc.cpp.o
[ 74%] Building CXX object common/CMakeFiles/llama-common.dir/trie.cpp.o
[ 74%] Building CXX object tools/mtmd/CMakeFiles/mtmd.dir/models/ling3vl.cpp.o
[ 74%] Building CXX object tools/mtmd/CMakeFiles/mtmd.dir/models/mimovl.cpp.o
[ 75%] Building CXX object common/CMakeFiles/llama-common.dir/unicode.cpp.o
[ 75%] Building CXX object tools/mtmd/CMakeFiles/mtmd.dir/models/qwen3a.cpp.o
[ 75%] Building CXX object common/CMakeFiles/llama-common.dir/jinja/lexer.cpp.o
[ 75%] Building CXX object tools/mtmd/CMakeFiles/mtmd.dir/models/mimo-audio.cpp.o
[ 75%] Building CXX object tools/mtmd/CMakeFiles/mtmd.dir/models/qwen3tts-spkenc.cpp.o
[ 75%] Building CXX object tools/mtmd/CMakeFiles/mtmd.dir/models/qwen3tts-gen.cpp.o
[ 75%] Building CXX object tools/mtmd/CMakeFiles/mtmd.dir/models/pockettts-seanet.cpp.o
[ 76%] Building CXX object tools/mtmd/CMakeFiles/mtmd.dir/models/pockettts-spkenc.cpp.o
[ 76%] Building CXX object common/CMakeFiles/llama-common.dir/jinja/parser.cpp.o
[ 76%] Building CXX object tools/mtmd/CMakeFiles/mtmd.dir/models/pockettts-gen.cpp.o
[ 76%] Building CXX object tools/mtmd/CMakeFiles/mtmd.dir/models/step3vl.cpp.o
[ 76%] Building CXX object common/CMakeFiles/llama-common.dir/jinja/runtime.cpp.o
[ 76%] Building CXX object tools/mtmd/CMakeFiles/mtmd.dir/models/siglip.cpp.o
[ 76%] Building CXX object tools/mtmd/CMakeFiles/mtmd.dir/models/whisper-enc.cpp.o
[ 76%] Building CXX object common/CMakeFiles/llama-common.dir/jinja/value.cpp.o
[ 76%] Building CXX object tools/mtmd/CMakeFiles/mtmd.dir/models/deepseekocr.cpp.o
[ 76%] Building CXX object tools/mtmd/CMakeFiles/mtmd.dir/models/deepseekocr2.cpp.o
[ 76%] Building CXX object common/CMakeFiles/llama-common.dir/jinja/string.cpp.o
[ 76%] Building CXX object tools/mtmd/CMakeFiles/mtmd.dir/models/mobilenetv5.cpp.o
[ 76%] Building CXX object common/CMakeFiles/llama-common.dir/jinja/caps.cpp.o
[ 76%] Building CXX object tools/mtmd/CMakeFiles/mtmd.dir/models/youtuvl.cpp.o
[ 77%] Building CXX object tools/mtmd/CMakeFiles/mtmd.dir/models/yasa2.cpp.o
[ 77%] Building CXX object tools/mtmd/CMakeFiles/mtmd.dir/models/parakeet.cpp.o
[ 77%] Linking CXX shared library ../../bin/libmtmd.so
[ 77%] Built target mtmd
[ 77%] Linking CXX shared library ../bin/libllama-common.so
[ 77%] Built target llama-common
[ 77%] Building CXX object tests/CMakeFiles/test-llama-grammar.dir/test-llama-grammar.cpp.o
[ 77%] Building CXX object tests/CMakeFiles/test-sampling.dir/test-sampling.cpp.o
[ 78%] Building CXX object tests/CMakeFiles/test-save-load-state.dir/test-save-load-state.cpp.o
[ 78%] Building CXX object tests/CMakeFiles/test-unicode.dir/test-unicode.cpp.o
[ 78%] Building CXX object tools/server/CMakeFiles/server-context.dir/server-chat.cpp.o
[ 78%] Building CXX object tests/CMakeFiles/test-recurrent-state-rollback.dir/test-recurrent-state-rollback.cpp.o
[ 78%] Building CXX object tests/CMakeFiles/test-grammar-integration.dir/test-grammar-integration.cpp.o
[ 78%] Building CXX object tests/CMakeFiles/test-reasoning-budget.dir/test-reasoning-budget.cpp.o
[ 78%] Building CXX object tests/CMakeFiles/test-json-schema-to-grammar.dir/test-json-schema-to-grammar.cpp.o
[ 78%] Building CXX object tests/CMakeFiles/test-tokenizer-0.dir/test-tokenizer-0.cpp.o
[ 78%] Building CXX object tests/CMakeFiles/test-grammar-parser.dir/test-grammar-parser.cpp.o
[ 78%] Building CXX object tests/CMakeFiles/test-quantize-stats.dir/test-quantize-stats.cpp.o
[ 78%] Building CXX object tests/CMakeFiles/test-gbnf-validator.dir/test-gbnf-validator.cpp.o
[ 78%] Building CXX object tests/CMakeFiles/test-batch-alloc.dir/test-batch-alloc.cpp.o
[ 79%] Building CXX object tests/CMakeFiles/test-tokenizer-1-bpe.dir/test-tokenizer-1-bpe.cpp.o
[ 79%] Building CXX object tests/CMakeFiles/test-tokenizer-1-spm.dir/test-tokenizer-1-spm.cpp.o
[ 79%] Linking CXX executable ../bin/test-unicode
[ 79%] Built target test-unicode
[ 79%] Building CXX object tests/CMakeFiles/test-llama-archs.dir/test-llama-archs.cpp.o
[ 80%] Linking CXX executable ../bin/test-gbnf-validator
[ 80%] Built target test-gbnf-validator
[ 80%] Building CXX object tests/CMakeFiles/test-fusion.dir/test-fusion.cpp.o
[ 80%] Linking CXX executable ../bin/test-tokenizer-1-bpe
[ 80%] Linking CXX executable ../bin/test-tokenizer-1-spm
[ 80%] Built target test-tokenizer-1-bpe
[ 80%] Building CXX object tools/server/CMakeFiles/server-context.dir/server-task.cpp.o
[ 80%] Built target test-tokenizer-1-spm
[ 80%] Building CXX object tools/server/CMakeFiles/server-context.dir/server-queue.cpp.o
[ 80%] Linking CXX executable ../bin/test-llama-grammar
[ 80%] Linking CXX executable ../bin/test-sampling
[ 80%] Built target test-llama-grammar
[ 80%] Building CXX object tools/server/CMakeFiles/server-context.dir/server-common.cpp.o
[ 80%] Linking CXX executable ../bin/test-reasoning-budget
[ 80%] Built target test-sampling
[ 80%] Linking CXX executable ../bin/test-grammar-parser
[ 80%] Building CXX object tests/CMakeFiles/test-chat-peg-parser.dir/test-chat-peg-parser.cpp.o
[ 80%] Built target test-grammar-parser
[ 80%] Building CXX object tests/CMakeFiles/test-chat-peg-parser.dir/peg-parser/simple-tokenize.cpp.o
[ 80%] Built target test-reasoning-budget
[ 81%] Building CXX object tests/CMakeFiles/test-jinja.dir/test-jinja.cpp.o
[ 81%] Linking CXX executable ../bin/test-tokenizer-0
[ 81%] Linking CXX executable ../bin/test-recurrent-state-rollback
[ 81%] Built target test-tokenizer-0
[ 81%] Building CXX object tools/server/CMakeFiles/server-context.dir/server-context.cpp.o
[ 81%] Building CXX object tools/server/CMakeFiles/server-context.dir/server-stream.cpp.o
[ 81%] Built target test-recurrent-state-rollback
[ 82%] Building CXX object tools/server/CMakeFiles/server-context.dir/server-tools.cpp.o
[ 82%] Linking CXX executable ../bin/test-grammar-integration
[ 82%] Built target test-grammar-integration
[ 82%] Building CXX object tools/server/CMakeFiles/server-context.dir/server-mcp.cpp.o
[ 82%] Linking CXX executable ../bin/test-fusion
[ 82%] Linking CXX executable ../bin/test-save-load-state
[ 82%] Built target test-fusion
[ 82%] Built target test-save-load-state
[ 82%] Building CXX object tools/server/CMakeFiles/server-context.dir/server-schema.cpp.o
[ 82%] Building CXX object tests/CMakeFiles/test-json-schema.dir/test-json-schema.cpp.o
[ 83%] Linking CXX executable ../bin/test-quantize-stats
[ 83%] Built target test-quantize-stats
[ 83%] Building CXX object tests/CMakeFiles/test-chat-auto-parser.dir/test-chat-auto-parser.cpp.o
[ 83%] Linking CXX executable ../bin/test-json-schema-to-grammar
[ 84%] Building CXX object tests/CMakeFiles/test-chat-template.dir/test-chat-template.cpp.o
[ 84%] Built target test-json-schema-to-grammar
[ 84%] Building CXX object tests/CMakeFiles/test-chat-analysis.dir/test-chat-analysis.cpp.o
[ 85%] Building CXX object tests/CMakeFiles/test-log.dir/test-log.cpp.o
[ 85%] Linking CXX executable ../bin/test-log
[ 85%] Built target test-log
[ 85%] Building CXX object tests/CMakeFiles/test-peg-parser.dir/test-peg-parser.cpp.o
[ 85%] Linking CXX executable ../bin/test-llama-archs
[ 85%] Building CXX object tests/CMakeFiles/test-peg-parser.dir/peg-parser/simple-tokenize.cpp.o
[ 85%] Built target test-llama-archs
[ 85%] Building CXX object tests/CMakeFiles/test-thread-safety.dir/test-thread-safety.cpp.o
[ 85%] Building CXX object tests/CMakeFiles/test-peg-parser.dir/peg-parser/test-basic.cpp.o
[ 85%] Building CXX object tests/CMakeFiles/test-peg-parser.dir/peg-parser/test-gbnf-generation.cpp.o
[ 85%] Linking CXX executable ../bin/test-thread-safety
[ 85%] Linking CXX executable ../bin/test-batch-alloc
[ 85%] Built target test-thread-safety
[ 85%] Building CXX object tests/CMakeFiles/test-arg-parser.dir/test-arg-parser.cpp.o
[ 85%] Built target test-batch-alloc
[ 85%] Building CXX object tests/CMakeFiles/test-speculative-adaptive.dir/test-speculative-adaptive.cpp.o
[ 85%] Building CXX object tests/CMakeFiles/test-model-resolution.dir/test-model-resolution.cpp.o
[ 85%] Linking CXX executable ../bin/test-speculative-adaptive
[ 85%] Built target test-speculative-adaptive
[ 85%] Building CXX object tests/CMakeFiles/test-opt.dir/test-opt.cpp.o
[ 86%] Building CXX object tests/CMakeFiles/test-backend-ops.dir/test-backend-ops.cpp.o
[ 86%] Linking CXX executable ../bin/test-chat-analysis
[ 86%] Built target test-chat-analysis
[ 86%] Building CXX object tests/CMakeFiles/test-peg-parser.dir/peg-parser/test-json-parser.cpp.o
[ 86%] Linking CXX executable ../bin/test-chat-template
[ 86%] Linking CXX executable ../bin/test-opt
[ 86%] Linking CXX executable ../bin/test-json-schema
[ 86%] Built target test-chat-template
[ 86%] Building CXX object tests/CMakeFiles/test-model-load-cancel.dir/test-model-load-cancel.cpp.o
[ 86%] Built target test-opt
[ 86%] Building CXX object tests/CMakeFiles/test-autorelease.dir/test-autorelease.cpp.o
[ 86%] Built target test-json-schema
[ 86%] Building CXX object tests/CMakeFiles/test-backend-sampler.dir/test-backend-sampler.cpp.o
[ 86%] Building CXX object tests/CMakeFiles/test-peg-parser.dir/peg-parser/test-json-serialization.cpp.o
[ 86%] Linking CXX executable ../bin/test-model-load-cancel
[ 86%] Linking CXX executable ../bin/test-arg-parser
[ 86%] Building CXX object tests/CMakeFiles/test-peg-parser.dir/peg-parser/test-python-dict-parser.cpp.o
[ 86%] Built target test-arg-parser
[ 86%] Linking CXX executable ../bin/test-autorelease
[ 86%] Building CXX object tests/CMakeFiles/test-state-restore-fragmented.dir/test-state-restore-fragmented.cpp.o
[ 86%] Built target test-model-load-cancel
[ 86%] Building CXX object tests/CMakeFiles/test-barrier.dir/test-barrier.cpp.o
[ 86%] Built target test-autorelease
[ 87%] Building CXX object tests/CMakeFiles/test-peg-parser.dir/peg-parser/test-unicode.cpp.o
[ 87%] Linking CXX executable ../bin/test-barrier
[ 87%] Built target test-barrier
[ 87%] Building CXX object tests/CMakeFiles/test-quantize-fns.dir/test-quantize-fns.cpp.o
[ 87%] Linking CXX executable ../bin/test-state-restore-fragmented
[ 87%] Building CXX object tests/CMakeFiles/test-quantize-perf.dir/test-quantize-perf.cpp.o
[ 87%] Built target test-state-restore-fragmented
[ 87%] Building CXX object tests/CMakeFiles/test-rope.dir/test-rope.cpp.o
[ 87%] Linking CXX executable ../bin/test-quantize-fns
[ 87%] Building CXX object tests/CMakeFiles/test-col2im-1d.dir/test-col2im-1d.cpp.o
[ 87%] Building C object tests/CMakeFiles/test-mtmd-c-api.dir/test-mtmd-c-api.c.o
[ 87%] Built target test-quantize-fns
[ 87%] Building CXX object tests/CMakeFiles/test-mtmd-impl.dir/test-mtmd-impl.cpp.o
[ 87%] Linking CXX executable ../bin/test-mtmd-c-api
[ 87%] Linking CXX executable ../bin/test-model-resolution
[ 87%] Linking CXX executable ../bin/test-rope
[ 87%] Built target test-mtmd-c-api
[ 87%] Building CXX object tests/CMakeFiles/gguf-model-data.dir/gguf-model-data.cpp.o
[ 87%] Linking CXX executable ../bin/test-chat-peg-parser
[ 87%] Built target test-rope
[ 87%] Building CXX object tests/CMakeFiles/test-gguf.dir/test-gguf.cpp.o
[ 87%] Linking CXX executable ../bin/test-col2im-1d
[ 87%] Built target test-model-resolution
[ 87%] Building CXX object tests/CMakeFiles/test-alloc.dir/test-alloc.cpp.o
[ 87%] Built target test-col2im-1d
[ 87%] Building CXX object examples/batched/CMakeFiles/llama-batched.dir/batched.cpp.o
[ 87%] Built target test-chat-peg-parser
[ 87%] Building CXX object examples/debug/CMakeFiles/llama-debug.dir/debug.cpp.o
[ 87%] Linking CXX executable ../bin/test-backend-sampler
[ 87%] Building CXX object examples/embedding/CMakeFiles/llama-embedding.dir/embedding.cpp.o
[ 87%] Built target test-backend-sampler
[ 87%] Building CXX object examples/eval-callback/CMakeFiles/llama-eval-callback.dir/eval-callback.cpp.o
[ 87%] Linking CXX executable ../bin/test-quantize-perf
[ 87%] Linking CXX executable ../bin/test-alloc
[ 87%] Built target test-quantize-perf
[ 87%] Building CXX object examples/idle/CMakeFiles/llama-idle.dir/idle.cpp.o
[ 87%] Built target test-alloc
[ 87%] Building CXX object examples/lookahead/CMakeFiles/llama-lookahead.dir/lookahead.cpp.o
[ 87%] Building CXX object examples/lookup/CMakeFiles/llama-lookup.dir/lookup.cpp.o
[ 87%] Linking CXX executable ../bin/test-gguf
[ 87%] Linking CXX executable ../../bin/llama-batched
[ 87%] Built target test-gguf
[ 87%] Linking CXX executable ../../bin/llama-eval-callback
[ 87%] Building CXX object examples/lookup/CMakeFiles/llama-lookup-create.dir/lookup-create.cpp.o
[ 87%] Built target llama-batched
[ 87%] Building CXX object examples/lookup/CMakeFiles/llama-lookup-merge.dir/lookup-merge.cpp.o
[ 87%] Built target llama-eval-callback
[ 87%] Building CXX object examples/lookup/CMakeFiles/llama-lookup-stats.dir/lookup-stats.cpp.o
[ 88%] Linking CXX executable ../../bin/llama-idle
[ 88%] Built target llama-idle
[ 88%] Building CXX object examples/parallel/CMakeFiles/llama-parallel.dir/parallel.cpp.o
[ 88%] Linking CXX executable ../../bin/llama-embedding
[ 88%] Linking CXX static library libserver-context.a
[ 88%] Linking CXX executable ../../bin/llama-lookup
[ 88%] Linking CXX executable ../../bin/llama-lookup-merge
[ 88%] Linking CXX executable ../../bin/llama-lookahead
[ 88%] Built target server-context
[ 88%] Building CXX object examples/passkey/CMakeFiles/llama-passkey.dir/passkey.cpp.o
[ 88%] Built target llama-embedding
[ 88%] Building CXX object examples/retrieval/CMakeFiles/llama-retrieval.dir/retrieval.cpp.o
[ 88%] Built target llama-lookup-merge
[ 88%] Building CXX object examples/speculative/CMakeFiles/llama-speculative.dir/speculative.cpp.o
[ 88%] Built target llama-lookahead
[ 88%] Building CXX object examples/speculative-simple/CMakeFiles/llama-speculative-simple.dir/speculative-simple.cpp.o
[ 88%] Built target llama-lookup
[ 89%] Building CXX object examples/gen-docs/CMakeFiles/llama-gen-docs.dir/gen-docs.cpp.o
[ 90%] Linking CXX executable ../../bin/llama-lookup-create
[ 90%] Built target llama-lookup-create
[ 90%] Building CXX object examples/training/CMakeFiles/llama-finetune.dir/finetune.cpp.o
[ 90%] Linking CXX executable ../../bin/llama-lookup-stats
[ 90%] Building CXX object examples/diffusion/CMakeFiles/llama-diffusion.dir/diffusion.cpp.o
[ 90%] Built target llama-lookup-stats
[ 90%] Building CXX object examples/convert-llama2c-to-ggml/CMakeFiles/llama-convert-llama2c-to-ggml.dir/convert-llama2c-to-ggml.cpp.o
[ 90%] Linking CXX executable ../bin/test-jinja
[ 91%] Linking CXX executable ../bin/test-mtmd-impl
[ 91%] Built target test-jinja
[ 91%] Building CXX object pocs/vdot/CMakeFiles/llama-vdot.dir/vdot.cpp.o
[ 91%] Built target test-mtmd-impl
[ 92%] Building CXX object pocs/vdot/CMakeFiles/llama-q8dot.dir/q8dot.cpp.o
[ 92%] Linking CXX executable ../bin/test-chat-auto-parser
[ 92%] Linking CXX executable ../../bin/llama-parallel
[ 92%] Built target llama-parallel
[ 93%] Building CXX object tools/batched-bench/CMakeFiles/llama-batched-bench-impl.dir/batched-bench.cpp.o
[ 93%] Built target test-chat-auto-parser
[ 93%] Building CXX object tools/gguf-split/CMakeFiles/llama-gguf-split.dir/gguf-split.cpp.o
[ 93%] Linking CXX executable ../../bin/llama-passkey
[ 93%] Linking CXX executable ../bin/test-peg-parser
[ 93%] Linking CXX executable ../../bin/llama-speculative-simple
[ 93%] Linking CXX executable ../../bin/llama-finetune
[ 93%] Linking CXX executable ../../bin/llama-vdot
[ 94%] Linking CXX executable ../../bin/llama-debug
[ 94%] Built target llama-passkey
[ 94%] Building CXX object tools/imatrix/CMakeFiles/llama-imatrix.dir/imatrix.cpp.o
[ 94%] Linking CXX executable ../../bin/llama-q8dot
[ 94%] Linking CXX executable ../../bin/llama-gen-docs
[ 94%] Built target llama-speculative-simple
[ 94%] Building CXX object tools/llama-bench/CMakeFiles/llama-bench-impl.dir/llama-bench.cpp.o
[ 94%] Built target llama-vdot
[ 94%] Built target test-peg-parser
[ 94%] Building CXX object tools/perplexity/CMakeFiles/llama-perplexity-impl.dir/perplexity.cpp.o
[ 94%] Building CXX object tools/completion/CMakeFiles/llama-completion-impl.dir/completion.cpp.o
[ 94%] Built target llama-finetune
[ 94%] Built target llama-q8dot
[ 94%] Linking CXX static library libllama-diffusion.a
[ 94%] Building CXX object tools/quantize/CMakeFiles/llama-quantize-impl.dir/quantize.cpp.o
[ 94%] Building CXX object tools/server/CMakeFiles/llama-server-impl.dir/server.cpp.o
[ 94%] Built target llama-debug
[ 94%] Building CXX object tools/server/CMakeFiles/llama-server-impl.dir/server-http.cpp.o
[ 94%] Built target llama-diffusion
[ 94%] Building CXX object tools/tokenize/CMakeFiles/llama-tokenize.dir/tokenize.cpp.o
[ 94%] Built target llama-gen-docs
[ 94%] Building CXX object tools/server/CMakeFiles/llama-server-impl.dir/server-models.cpp.o
[ 94%] Linking CXX executable ../../bin/llama-retrieval
[ 94%] Linking CXX executable ../../bin/llama-convert-llama2c-to-ggml
[ 94%] Built target llama-retrieval
[ 95%] Building CXX object tools/tts/CMakeFiles/llama-tts.dir/tts.cpp.o
[ 95%] Linking CXX executable ../../bin/llama-gguf-split
[ 95%] Built target llama-convert-llama2c-to-ggml
[ 95%] Building CXX object tools/mtmd/CMakeFiles/llama-mtmd-cli.dir/mtmd-cli.cpp.o
[ 95%] Built target llama-gguf-split
[ 96%] Building CXX object tools/mtmd/CMakeFiles/llama-mtmd-debug.dir/debug/mtmd-debug.cpp.o
[ 96%] Linking CXX static library libgguf-model-data.a
[ 96%] Built target gguf-model-data
[ 96%] Building CXX object tools/cvector-generator/CMakeFiles/llama-cvector-generator.dir/cvector-generator.cpp.o
[ 96%] Linking CXX shared library ../../bin/libllama-batched-bench-impl.so
[ 96%] Built target llama-batched-bench-impl
[ 96%] Building CXX object tools/export-lora/CMakeFiles/llama-export-lora.dir/export-lora.cpp.o
[ 96%] Linking CXX executable ../../bin/llama-tokenize
[ 96%] Linking CXX executable ../../bin/llama-speculative
[ 96%] Built target llama-speculative
[ 96%] Building CXX object tools/fit-params/CMakeFiles/llama-fit-params-impl.dir/fit-params.cpp.o
[ 96%] Built target llama-tokenize
[ 96%] Building CXX object tools/results/CMakeFiles/llama-results.dir/results.cpp.o
[ 96%] Linking CXX executable ../../bin/llama-tts
[ 96%] Built target llama-tts
[ 96%] Building CXX object tests/CMakeFiles/test-chat.dir/test-chat.cpp.o
[ 96%] Linking CXX executable ../../bin/llama-mtmd-debug
[ 96%] Linking CXX shared library ../../bin/libllama-quantize-impl.so
[ 96%] Built target llama-mtmd-debug
[ 96%] Building CXX object tests/CMakeFiles/test-gguf-model-data.dir/test-gguf-model-data.cpp.o
[ 96%] Linking CXX shared library ../../bin/libllama-fit-params-impl.so
[ 96%] Built target llama-quantize-impl
[ 96%] Building CXX object tests/CMakeFiles/test-quant-type-selection.dir/test-quant-type-selection.cpp.o
[ 96%] Built target llama-fit-params-impl
[ 96%] Building CXX object tests/CMakeFiles/test-export-graph-ops.dir/test-export-graph-ops.cpp.o
[ 96%] Linking CXX executable ../bin/test-gguf-model-data
[ 97%] Linking CXX executable ../../bin/llama-results
[ 97%] Built target test-gguf-model-data
[ 97%] Building CXX object examples/diffusion/CMakeFiles/llama-diffusion-cli.dir/diffusion-cli.cpp.o
[ 97%] Built target llama-results
[ 97%] Building CXX object tools/batched-bench/CMakeFiles/llama-batched-bench.dir/main.cpp.o
[ 97%] Linking CXX executable ../../bin/llama-batched-bench
[ 97%] Linking CXX executable ../../bin/llama-cvector-generator
[ 98%] Linking CXX executable ../../bin/llama-export-lora
[ 98%] Built target llama-batched-bench
[ 98%] Building CXX object tools/quantize/CMakeFiles/llama-quantize.dir/main.cpp.o
[ 98%] Built target llama-cvector-generator
[ 98%] Linking CXX executable ../../bin/llama-quantize
[ 98%] Building CXX object tools/fit-params/CMakeFiles/llama-fit-params.dir/main.cpp.o
[ 98%] Linking CXX executable ../../bin/llama-fit-params
[ 98%] Built target llama-export-lora
[ 98%] Built target llama-quantize
[ 98%] Built target llama-fit-params
[ 98%] Linking CXX executable ../../bin/llama-mtmd-cli
[ 98%] Linking CXX executable ../bin/test-quant-type-selection
[ 98%] Built target llama-mtmd-cli
[ 98%] Built target test-quant-type-selection
[ 98%] Linking CXX executable ../bin/test-export-graph-ops
[ 98%] Linking CXX shared library ../../bin/libllama-completion-impl.so
[ 98%] Built target test-export-graph-ops
[ 98%] Built target llama-completion-impl
[ 99%] Building CXX object tools/completion/CMakeFiles/llama-completion.dir/main.cpp.o
[ 99%] Linking CXX executable ../../bin/llama-completion
[ 99%] Built target llama-completion
[ 99%] Linking CXX shared library ../../bin/libllama-perplexity-impl.so
[ 99%] Built target llama-perplexity-impl
[ 99%] Building CXX object tools/perplexity/CMakeFiles/llama-perplexity.dir/main.cpp.o
[ 99%] Linking CXX executable ../../bin/llama-perplexity
[ 99%] Built target llama-perplexity
[ 99%] Linking CXX executable ../../bin/llama-diffusion-cli
[ 99%] Built target llama-diffusion-cli
[ 99%] Linking CXX executable ../../bin/llama-imatrix
[ 99%] Built target llama-imatrix
[ 99%] Linking CXX shared library ../../bin/libllama-bench-impl.so
[ 99%] Built target llama-bench-impl
[ 99%] Building CXX object tools/llama-bench/CMakeFiles/llama-bench.dir/main.cpp.o
[ 99%] Linking CXX executable ../../bin/llama-bench
[ 99%] Built target llama-bench
[ 99%] Linking CXX shared library ../../bin/libllama-server-impl.so
[ 99%] Built target llama-server-impl
[ 99%] Building CXX object tools/server/CMakeFiles/llama-server.dir/main.cpp.o
[ 99%] Building CXX object tools/cli/CMakeFiles/llama-cli-impl.dir/cli.cpp.o
[ 99%] Building CXX object tools/cli/CMakeFiles/llama-cli-impl.dir/cli-context.cpp.o
[100%] Building CXX object tools/cli/CMakeFiles/llama-cli-impl.dir/cli-client.cpp.o
[100%] Linking CXX executable ../../bin/llama-server
[100%] Built target llama-server
[100%] Linking CXX shared library ../../bin/libllama-cli-impl.so
[100%] Built target llama-cli-impl
[100%] Building CXX object app/CMakeFiles/llama-app.dir/__/license.cpp.o
[100%] Building CXX object app/CMakeFiles/llama-app.dir/llama.cpp.o
[100%] Building CXX object tools/cli/CMakeFiles/llama-cli.dir/main.cpp.o
[100%] Building CXX object app/CMakeFiles/llama-app.dir/download.cpp.o
[100%] Linking CXX executable ../../bin/llama-cli
[100%] Built target llama-cli
[100%] Linking CXX executable ../bin/llama
[100%] Built target llama-app
[100%] Linking CXX executable ../bin/test-backend-ops
[100%] Built target test-backend-ops
[100%] Linking CXX executable ../bin/test-chat
[100%] Built target test-chat

== artifacts
lrwxrwxrwx 1 srcds srcds        16 Sep 24 21:54 /home/srcds/dev/uf3_rocm6.1_llama.cpp/build-sync0924/bin/libggml-hip.so -> libggml-hip.so.0
lrwxrwxrwx 1 srcds srcds        21 Sep 24 21:54 /home/srcds/dev/uf3_rocm6.1_llama.cpp/build-sync0924/bin/libggml-hip.so.0 -> libggml-hip.so.0.25.1
-rwxrwxr-x 1 srcds srcds 124236248 Sep 24 21:54 /home/srcds/dev/uf3_rocm6.1_llama.cpp/build-sync0924/bin/libggml-hip.so.0.25.1
-rwxrwxr-x 1 srcds srcds     17952 Sep 24 21:56 /home/srcds/dev/uf3_rocm6.1_llama.cpp/build-sync0924/bin/llama-server
llama-server: valid ELF

== config actually in the cache
CMAKE_HIP_FLAGS:STRING=
GGML_CUDA_VEGA_TUNE:BOOL=ON
GGML_CUDA_VEGA_TUNE_FATTN:BOOL=ON
GGML_CUDA_VEGA_TUNE_FATTN_COLS16:BOOL=OFF
GGML_CUDA_VEGA_TUNE_FATTN_OCC3:BOOL=OFF
GGML_CUDA_VEGA_TUNE_FATTN_QPIPE:BOOL=OFF
GGML_CUDA_VEGA_TUNE_GRAPHS:BOOL=ON
GGML_CUDA_VEGA_TUNE_MMQ:BOOL=ON
GGML_CUDA_VEGA_TUNE_MMQ_DUALACC:BOOL=OFF
GGML_CUDA_VEGA_TUNE_MMQ_Q8LDR:BOOL=OFF
GGML_CUDA_VEGA_TUNE_TOPK:BOOL=ON
